date,close,ask
2014-07-10,21190.00,21240.00
2014-07-11,21150.00,21200.00
2014-07-12,21150.00,21200.00
2014-07-13,21150.00,21200.00
2014-07-14,21180.00,21230.00
2014-07-15,21180.00,21230.00
2014-07-16,21180.00,21230.00
2014-07-17,21180.00,21230.00
2014-07-18,21195.00,21245.00
2014-07-19,21195.00,21245.00
2014-07-20,21195.00,21245.00
2014-07-21,21185.00,21235.00
2014-07-22,21190.00,21240.00
2014-07-23,21210.00,21260.00
2014-07-24,21210.00,21260.00
2014-07-25,21210.00,21260.00
2014-07-26,21210.00,21260.00
2014-07-27,21210.00,21260.00
2014-07-30,21205.00,21255.00
2014-07-31,21205.00,21255.00
2014-08-02,21200.00,21250.00
2014-08-04,21200.00,21250.00
2014-08-05,21190.00,21240.00
2014-08-06,21200.00,21250.00
2014-08-07,21190.00,21250.00
2014-08-08,21185.00,21235.00
2014-08-09,21185.00,21235.00
2014-08-10,21185.00,21235.00
2014-08-11,21180.00,21230.00
2014-08-12,21180.00,21230.00
2014-08-13,21180.00,21230.00
2014-08-14,21180.00,21230.00
2014-08-15,21185.00,21235.00
2014-08-16,21185.00,21235.00
2014-08-17,21185.00,21235.00
2014-08-18,21185.00,21235.00
2014-08-19,21180.00,21230.00
2014-08-20,21170.00,21220.00
2014-08-21,21175.00,21225.00
2014-08-22,21175.00,21225.00
2014-08-23,21175.00,21225.00
2014-08-24,21175.00,21225.00
2014-08-25,21180.00,21230.00
2014-08-26,21185.00,21235.00
2014-08-27,21170.00,21220.00
2014-08-28,21170.00,21220.00
2014-08-29,21170.00,21220.00
2014-08-30,21170.00,21220.00
2014-08-31,21170.00,21220.00
2014-09-01,21170.00,21220.00
2014-09-02,21170.00,21220.00
2014-09-04,21170.00,21220.00
2014-09-05,21170.00,21220.00
2014-09-06,21170.00,21220.00
2014-09-07,21170.00,21220.00
2014-09-08,21175.00,21225.00
2014-09-09,21175.00,21225.00
2014-09-12,21180.00,21230.00
2014-09-13,21180.00,21230.00
2014-09-14,21180.00,21230.00
2014-09-15,21175.00,21225.00
2014-09-16,21170.00,21220.00
2014-09-19,21180.00,21230.00
2014-09-20,21180.00,21230.00
2014-09-21,21180.00,21230.00
2014-09-22,21200.00,21250.00
2014-09-23,21200.00,21250.00
2014-09-24,21190.00,21240.00
2014-09-25,21195.00,21245.00
2014-09-26,21195.00,21245.00
2014-09-27,21195.00,21245.00
2014-09-28,21195.00,21245.00
2014-09-29,21195.00,21245.00
2014-10-11,21190.00,21240.00
2014-10-12,21190.00,21240.00
2014-10-13,21190.00,21240.00
2014-10-14,21220.00,21270.00
2014-10-15,21220.00,21270.00
2014-11-01,21255.00,21305.00
2014-11-02,21255.00,21305.00
2014-11-03,21270.00,21320.00
2014-11-04,21260.00,21310.00
2014-11-05,21265.00,21315.00
2014-11-06,21260.00,21310.00
2014-11-07,21270.00,21320.00
2014-11-08,21270.00,21320.00
2014-11-09,21270.00,21320.00
2014-11-10,21270.00,21320.00
2014-11-11,21270.00,21320.00
2014-11-12,21275.00,21325.00
2014-11-13,21290.00,21340.00
2014-11-14,21300.00,21350.00
2014-11-15,21300.00,21350.00
2014-11-16,21300.00,21350.00
2014-11-17,21325.00,21375.00
2014-11-18,21360.00,21420.00
2014-11-19,21340.00,21400.00
2014-11-20,21345.00,21395.00
2014-11-21,21335.00,21385.00
2014-11-22,21335.00,21385.00
2014-11-23,21335.00,21385.00
2014-11-24,21350.00,21400.00
2014-11-25,21390.00,21400.00
2014-11-26,21390.00,21400.00
2014-11-27,21390.00,21400.00
2014-11-28,21390.00,21405.00
2014-11-29,21390.00,21405.00
2014-11-30,21390.00,21405.00
2014-12-01,21390.00,21405.00
2014-12-02,21360.00,21405.00
2014-12-03,21330.00,21380.00
2014-12-04,21330.00,21380.00
2014-12-05,21310.00,21360.00
2014-12-06,21310.00,21360.00
2014-12-07,21310.00,21360.00
2014-12-15,21360.00,21405.00
2014-12-16,21360.00,21405.00
2014-12-17,21360.00,21405.00
2014-12-18,21360.00,21405.00
2014-12-19,21360.00,21405.00
2014-12-20,21360.00,21405.00
2014-12-21,21360.00,21405.00
2014-12-22,21360.00,21405.00
2014-12-23,21360.00,21405.00
2014-12-24,21360.00,21405.00
2014-12-25,21360.00,21405.00
2015-01-01,21380.00,21405.00
2015-01-02,21380.00,21405.00
2015-01-03,21380.00,21405.00
2015-01-08,21350.00,21410.00
2015-01-09,21340.00,21400.00
2015-01-20,21340.00,21400.00
2015-01-21,21345.00,21405.00
2015-01-22,21330.00,21390.00
2015-01-23,21320.00,21380.00
2015-01-24,21320.00,21380.00
2015-01-25,21320.00,21380.00
2015-01-26,21320.00,21380.00
2015-01-27,21320.00,21380.00
2015-01-28,21320.00,21380.00
2015-01-29,21320.00,21380.00
2015-01-30,21315.00,21365.00
2015-01-31,21315.00,21365.00
2015-02-01,21315.00,21365.00
2015-02-02,21325.00,21375.00
2015-02-03,21320.00,21370.00
2015-02-04,21325.00,21375.00
2015-02-05,21315.00,21365.00
2015-02-06,21315.00,21365.00
2015-02-07,21315.00,21365.00
2015-02-08,21315.00,21365.00
2015-02-09,21300.00,21350.00
2015-02-10,21310.00,21360.00
2015-02-11,21310.00,21360.00
2015-02-12,21305.00,21355.00
2015-02-13,21310.00,21360.00
2015-02-14,21310.00,21360.00
2015-02-15,21310.00,21360.00
2015-02-16,21310.00,21360.00
2015-02-17,21310.00,21360.00
2015-02-18,21310.00,21360.00
2015-02-19,21310.00,21360.00
2015-02-20,21310.00,21360.00
2015-02-21,21310.00,21360.00
2015-02-22,21310.00,21360.00
2015-02-23,21310.00,21360.00
2015-02-24,21335.00,21385.00
2015-02-25,21335.00,21385.00
2015-02-26,21345.00,21395.00
2015-02-27,21335.00,21385.00
2015-02-28,21335.00,21385.00
2015-03-01,21335.00,21385.00
2015-03-02,21325.00,21375.00
2015-03-03,21325.00,21375.00
2015-03-04,21335.00,21385.00
2015-03-05,21335.00,21385.00
2015-03-06,21330.00,21380.00
2015-03-07,21330.00,21380.00
2015-03-08,21330.00,21380.00
2015-03-09,21330.00,21380.00
2015-03-10,21330.00,21380.00
2015-03-11,21335.00,21385.00
2015-03-12,21340.00,21390.00
2015-03-13,21345.00,21395.00
2015-03-14,21345.00,21395.00
2015-03-15,21345.00,21395.00
2015-03-16,21460.00,21520.00
2015-03-17,21430.00,21490.00
2015-03-18,21460.00,21520.00
2015-03-19,21440.00,21510.00
2015-03-20,21460.00,21520.00
2015-03-21,21460.00,21520.00
2015-03-22,21460.00,21520.00
2015-03-23,21490.00,21550.00
2015-03-24,21505.00,21565.00
2015-03-25,21465.00,21525.00
2015-03-26,21465.00,21525.00
2015-04-08,21570.00,21630.00
2015-04-09,21570.00,21630.00
2015-04-10,21570.00,21630.00
2015-04-11,21570.00,21630.00
2015-04-12,21570.00,21630.00
2015-04-13,21570.00,21630.00
2015-04-14,21570.00,21630.00
2015-04-15,21565.00,21625.00
2015-04-16,21575.00,21635.00
2015-04-17,21565.00,21625.00
2015-04-18,21565.00,21625.00
2015-04-19,21565.00,21625.00
2015-04-20,21555.00,21615.00
2015-04-21,21555.00,21615.00
2015-04-22,21555.00,21615.00
2015-04-23,21555.00,21615.00
2015-04-24,21560.00,21620.00
2015-04-25,21560.00,21620.00
2015-04-30,21570.00,21630.00
2015-05-01,21570.00,21630.00
2015-05-02,21570.00,21630.00
2015-05-14,21750.00,21810.00
2015-05-15,21750.00,21810.00
2015-05-17,21720.00,21780.00
2015-05-18,21760.00,21820.00
2015-05-19,21770.00,21830.00
2015-05-20,21770.00,21830.00
2015-05-21,21770.00,21830.00
2015-05-22,21770.00,21830.00
2015-05-23,21770.00,21830.00
2015-05-24,21770.00,21830.00
2015-05-25,21805.00,21865.00
2015-06-02,21780.00,21840.00
2015-06-03,21780.00,21840.00
2015-06-04,21780.00,21840.00
2015-06-05,21780.00,21840.00
2015-06-06,21780.00,21840.00
2015-06-07,21780.00,21840.00
2015-06-08,21770.00,21840.00
2015-06-09,21770.00,21840.00
2015-06-13,21770.00,21830.00
2015-06-14,21770.00,21830.00
2015-06-15,21770.00,21830.00
2015-06-16,21775.00,21835.00
2015-06-17,21775.00,21835.00
2015-06-18,21775.00,21835.00
2015-06-19,21770.00,21830.00
2015-06-20,21770.00,21830.00
2015-06-21,21770.00,21830.00
2015-06-22,21770.00,21830.00
2015-06-23,21775.00,21835.00
2015-06-24,21780.00,21840.00
2015-06-25,21780.00,21840.00
2015-06-26,21780.00,21840.00
2015-06-27,21780.00,21840.00
2015-06-28,21780.00,21840.00
2015-06-29,21780.00,21840.00
2015-06-30,21780.00,21840.00
2015-07-01,21770.00,21830.00
2015-07-02,21770.00,21830.00
2015-07-03,21770.00,21830.00
2015-07-04,21770.00,21830.00
2015-07-05,21770.00,21830.00
2015-07-06,21775.00,21835.00
2015-07-07,21780.00,21840.00
2015-07-08,21780.00,21840.00
2015-07-09,21780.00,21840.00
2015-07-10,21780.00,21840.00
2015-07-11,21780.00,21840.00
2015-07-12,21780.00,21840.00
2015-07-13,21775.00,21835.00
2015-07-14,21775.00,21835.00
2015-07-15,21775.00,21835.00
2015-07-16,21775.00,21835.00
2015-07-17,21775.00,21835.00
2015-07-18,21775.00,21835.00
2015-07-19,21775.00,21835.00
2015-07-20,21780.00,21840.00
2015-07-21,21780.00,21840.00
2015-07-22,21780.00,21840.00
2015-07-23,21780.00,21840.00
2015-07-24,21780.00,21840.00
2015-07-25,21780.00,21840.00
2015-07-26,21780.00,21840.00
2015-07-27,21780.00,21840.00
2015-07-28,21780.00,21840.00
2015-07-29,21780.00,21840.00
2015-07-30,21780.00,21840.00
2015-07-31,21780.00,21840.00
2015-08-01,21780.00,21840.00
2015-08-02,21780.00,21840.00
2015-08-03,21780.00,21840.00
2015-08-04,21780.00,21840.00
2015-08-05,21780.00,21840.00
2015-08-06,21780.00,21840.00
2015-08-07,21780.00,21840.00
2015-08-08,21780.00,21840.00
2015-08-09,21780.00,21840.00
2015-08-10,21780.00,21840.00
2015-08-11,21785.00,21845.00
2015-08-12,21990.00,22060.00
2015-08-13,22035.00,22105.00
2015-08-14,22035.00,22105.00
2015-08-15,22035.00,22105.00
2015-08-16,22035.00,22105.00
2015-08-17,22035.00,22105.00
2015-08-18,22035.00,22105.00
2015-08-19,22340.00,22440.00
2015-08-20,22340.00,22420.00
2015-08-21,22460.00,22540.00
2015-08-22,22460.00,22540.00
2015-08-23,22460.00,22540.00
2015-08-24,22500.00,22547.00
2015-08-25,22510.00,22547.00
2015-08-26,22500.00,22547.00
2015-08-27,22460.00,22520.00
2015-08-28,22430.00,22490.00
2015-08-29,22430.00,22490.00
2015-08-30,22430.00,22490.00
2015-08-31,22445.00,22505.00
2015-09-01,22455.00,22515.00
2015-09-02,22455.00,22515.00
2015-09-03,22455.00,22515.00
2015-09-04,22445.00,22505.00
2015-09-05,22445.00,22505.00
2015-09-06,22445.00,22505.00
2015-09-07,22445.00,22505.00
2015-09-08,22445.00,22505.00
2015-09-09,22445.00,22505.00
2015-09-10,22445.00,22505.00
2015-09-11,22445.00,22505.00
2015-09-12,22445.00,22505.00
2015-09-13,22445.00,22505.00
2015-09-14,22460.00,22520.00
2015-09-15,22460.00,22520.00
2015-09-16,22460.00,22520.00
2015-09-17,22470.00,22530.00
2015-09-18,22440.00,22500.00
2015-09-19,22440.00,22500.00
2015-09-20,22440.00,22500.00
2015-09-21,22440.00,22500.00
2015-09-22,22445.00,22505.00
2015-09-23,22445.00,22505.00
2015-09-24,22455.00,22515.00
2015-09-25,22445.00,22505.00
2015-09-26,22445.00,22505.00
2015-09-27,22445.00,22505.00
2015-09-28,22445.00,22505.00
2015-09-29,22450.00,22510.00
2015-09-30,22450.00,22510.00
2015-10-01,22445.00,22505.00
2015-10-02,22445.00,22505.00
2015-10-03,22445.00,22505.00
2015-10-04,22445.00,22505.00
2015-10-05,22440.00,22500.00
2015-10-06,22395.00,22455.00
2015-10-07,22340.00,22420.00
2015-10-08,22130.00,22230.00
2015-10-09,22200.00,22280.00
2015-10-10,22200.00,22280.00
2015-10-11,22200.00,22280.00
2015-10-12,22320.00,22400.00
2015-10-13,22360.00,22440.00
2015-10-14,22340.00,22420.00
2015-10-15,22290.00,22370.00
2015-10-16,22270.00,22350.00
2015-10-17,22270.00,22350.00
2015-10-18,22270.00,22350.00
2015-10-19,22270.00,22350.00
2015-10-20,22275.00,22355.00
2015-10-21,22260.00,22340.00
2015-10-22,22240.00,22320.00
2015-10-23,22260.00,22340.00
2015-10-24,22260.00,22340.00
2015-10-25,22260.00,22340.00
2015-10-26,22270.00,22350.00
2015-10-27,22270.00,22350.00
2015-10-28,22270.00,22350.00
2015-10-29,22280.00,22360.00
2015-10-30,22265.00,22345.00
2015-10-31,22265.00,22345.00
2015-11-05,22285.00,22365.00
2015-11-06,22330.00,22410.00
2015-11-07,22330.00,22410.00
2015-11-08,22330.00,22410.00
2015-11-09,22380.00,22460.00
2015-11-10,22350.00,22430.00
2015-11-11,22350.00,22430.00
2015-11-12,22360.00,22440.00
2015-11-13,22390.00,22470.00
2015-11-14,22390.00,22470.00
2015-11-15,22390.00,22470.00
2015-11-16,22420.00,22500.00
2015-11-17,22420.00,22500.00
2015-11-18,22420.00,22500.00
2015-11-19,22430.00,22510.00
2015-11-20,22430.00,22510.00
2015-11-21,22430.00,22510.00
2015-11-23,22450.00,22530.00
2015-11-24,22450.00,22530.00
2015-11-25,22450.00,22520.00
2015-11-26,22450.00,22520.00
2015-11-27,22450.00,22520.00
2015-11-28,22450.00,22520.00
2015-11-29,22450.00,22520.00
2015-11-30,22470.00,22540.00
2015-12-01,22460.00,22530.00
2015-12-02,22460.00,22530.00
2015-12-03,22450.00,22520.00
2015-12-04,22430.00,22500.00
2015-12-05,22430.00,22500.00
2015-12-06,22430.00,22500.00
2015-12-07,22430.00,22500.00
2015-12-08,22430.00,22500.00
2015-12-09,22450.00,22520.00
2015-12-10,22440.00,22510.00
2015-12-11,22460.00,22530.00
2015-12-12,22460.00,22530.00
2015-12-13,22460.00,22530.00
2015-12-14,22475.00,22547.00
2015-12-15,22517.00,22547.00
2015-12-16,22517.00,22547.00
2015-12-17,22517.00,22547.00
2015-12-18,22517.00,22547.00
2015-12-19,22517.00,22547.00
2015-12-20,22517.00,22547.00
2015-12-21,22517.00,22547.00
2015-12-22,22517.00,22547.00
2015-12-23,22517.00,22547.00
2015-12-24,22517.00,22547.00
2015-12-25,22470.00,22540.00
2015-12-26,22470.00,22540.00
2015-12-27,22470.00,22540.00
2015-12-28,22460.00,22530.00
2015-12-29,22440.00,22510.00
2015-12-30,22430.00,22500.00
2015-12-31,22450.00,22540.00
2016-01-01,22450.00,22540.00
2016-01-02,22450.00,22540.00
2016-01-03,22450.00,22540.00
2016-01-04,22470.00,22540.00
2016-01-05,22435.00,22505.00
2016-01-06,22440.00,22510.00
2016-01-07,22470.00,22540.00
2016-01-08,22440.00,22510.00
2016-01-09,22440.00,22510.00
2016-01-10,22440.00,22510.00
2016-01-11,22420.00,22490.00
2016-01-12,22380.00,22450.00
2016-01-13,22385.00,22455.00
2016-01-14,22410.00,22480.00
2016-01-15,22390.00,22460.00
2016-01-16,22390.00,22460.00
2016-01-17,22390.00,22460.00
2016-01-18,22350.00,22420.00
2016-01-19,22385.00,22455.00
2016-01-20,22385.00,22455.00
2016-01-21,22365.00,22435.00
2016-01-22,22360.00,22430.00
2016-01-23,22360.00,22430.00
2016-01-24,22360.00,22430.00
2016-01-25,22320.00,22390.00
2016-01-26,22290.00,22360.00
2016-01-27,22220.00,22290.00
2016-01-28,22215.00,22285.00
2016-01-29,22165.00,22235.00
2016-01-30,22165.00,22235.00
2016-01-31,22165.00,22235.00
2016-02-01,22260.00,22330.00
2016-02-02,22260.00,22330.00
2016-02-03,22260.00,22330.00
2016-02-04,22260.00,22330.00
2016-02-05,22290.00,22360.00
2016-02-06,22290.00,22360.00
2016-02-07,22290.00,22360.00
2016-02-08,22290.00,22360.00
2016-02-09,22290.00,22360.00
2016-02-10,22290.00,22360.00
2016-02-11,22290.00,22360.00
2016-02-12,22290.00,22360.00
2016-02-13,22290.00,22360.00
2016-02-14,22290.00,22360.00
2016-02-15,22320.00,22390.00
2016-02-16,22340.00,22410.00
2016-02-17,22340.00,22410.00
2016-02-18,22330.00,22400.00
2016-02-19,22330.00,22400.00
2016-02-20,22330.00,22400.00
2016-02-21,22330.00,22400.00
2016-02-22,22340.00,22410.00
2016-02-23,22340.00,22410.00
2016-02-24,22310.00,22380.00
2016-02-25,22285.00,22355.00
2016-02-26,22280.00,22350.00
2016-02-27,22280.00,22350.00
2016-02-28,22280.00,22350.00
2016-02-29,22265.00,22335.00
2016-03-01,22265.00,22335.00
2016-03-02,22270.00,22340.00
2016-03-03,22265.00,22335.00
2016-03-04,22255.00,22325.00
2016-03-05,22255.00,22325.00
2016-03-06,22255.00,22325.00
2016-03-07,22255.00,22325.00
2016-03-08,22260.00,22330.00
2016-03-09,22260.00,22330.00
2016-03-10,22255.00,22325.00
2016-03-11,22255.00,22325.00
2016-03-12,22255.00,22325.00
2016-03-13,22255.00,22325.00
2016-03-14,22260.00,22330.00
2016-03-15,22260.00,22330.00
2016-03-16,22260.00,22330.00
2016-03-17,22255.00,22325.00
2016-03-18,22255.00,22325.00
2016-03-19,22255.00,22325.00
2016-03-20,22255.00,22325.00
2016-03-21,22260.00,22330.00
2016-03-22,22300.00,22370.00
2016-03-23,22310.00,22380.00
2016-03-24,22270.00,22340.00
2016-03-25,22260.00,22330.00
2016-03-26,22260.00,22330.00
2016-03-27,22260.00,22330.00
2016-03-28,22280.00,22340.00
2016-03-29,22275.00,22335.00
2016-03-30,22255.00,22325.00
2016-03-31,22255.00,22325.00
2016-04-01,22255.00,22325.00
2016-04-02,22255.00,22325.00
2016-04-03,22255.00,22325.00
2016-04-04,22260.00,22330.00
2016-04-05,22260.00,22330.00
2016-04-06,22260.00,22330.00
2016-04-07,22250.00,22320.00
2016-04-08,22250.00,22320.00
2016-04-09,22250.00,22320.00
2016-04-10,22250.00,22320.00
2016-04-11,22250.00,22320.00
2016-04-12,22250.00,22320.00
2016-04-13,22270.00,22340.00
2016-04-14,22285.00,22355.00
2016-04-15,22270.00,22340.00
2016-04-16,22270.00,22340.00
2016-04-17,22270.00,22340.00
2016-04-18,22270.00,22340.00
2016-04-19,22260.00,22330.00
2016-04-20,22255.00,22325.00
2016-04-21,22250.00,22320.00
2016-04-22,22250.00,22320.00
2016-04-23,22250.00,22320.00
2016-04-24,22250.00,22320.00
2016-04-25,22260.00,22330.00
2016-04-26,22260.00,22330.00
2016-04-27,22260.00,22330.00
2016-04-28,22255.00,22325.00
2016-04-29,22250.00,22320.00
2016-04-30,22250.00,22320.00
2016-05-01,22250.00,22320.00
2016-05-02,22250.00,22320.00
2016-05-03,22250.00,22320.00
2016-05-04,22255.00,22325.00
2016-05-05,22255.00,22325.00
2016-05-06,22255.00,22325.00
2016-05-07,22255.00,22325.00
2016-05-08,22255.00,22325.00
2016-05-09,22255.00,22325.00
2016-05-10,22255.00,22325.00
2016-05-11,22260.00,22330.00
2016-05-12,22270.00,22340.00
2016-05-13,22270.00,22340.00
2016-05-14,22270.00,22340.00
2016-05-15,22270.00,22340.00
2016-05-16,22265.00,22335.00
2016-05-17,22265.00,22335.00
2016-05-18,22265.00,22335.00
2016-05-19,22275.00,22345.00
2016-05-20,22275.00,22345.00
2016-05-21,22275.00,22345.00
2016-05-22,22275.00,22345.00
2016-05-23,22275.00,22345.00
2016-05-24,22295.00,22365.00
2016-05-25,22300.00,22370.00
2016-05-26,22340.00,22410.00
2016-05-27,22350.00,22420.00
2016-05-28,22350.00,22420.00
2016-05-29,22350.00,22420.00
2016-05-30,22380.00,22450.00
2016-05-31,22365.00,22435.00
2016-06-01,22410.00,22480.00
2016-06-02,22405.00,22475.00
2016-06-03,22380.00,22450.00
2016-06-04,22380.00,22450.00
2016-06-05,22380.00,22450.00
2016-06-06,22350.00,22420.00
2016-06-07,22315.00,22385.00
2016-06-08,22310.00,22380.00
2016-06-09,22300.00,22370.00
2016-06-10,22290.00,22360.00
2016-06-11,22290.00,22360.00
2016-06-12,22290.00,22360.00
2016-06-13,22270.00,22340.00
2016-06-14,22270.00,22340.00
2016-06-15,22275.00,22345.00
2016-06-16,22265.00,22335.00
2016-06-17,22260.00,22330.00
2016-06-18,22260.00,22330.00
2016-06-19,22260.00,22330.00
2016-06-20,22260.00,22330.00
2016-06-21,22260.00,22330.00
2016-06-22,22260.00,22330.00
2016-06-23,22270.00,22340.00
2016-06-24,22295.00,22365.00
2016-06-25,22295.00,22365.00
2016-06-26,22295.00,22365.00
2016-06-27,22290.00,22360.00
2016-06-28,22270.00,22340.00
2016-06-29,22275.00,22345.00
2016-06-30,22270.00,22340.00
2016-07-01,22270.00,22340.00
2016-07-02,22270.00,22340.00
2016-07-03,22270.00,22340.00
2016-07-04,22260.00,22330.00
2016-07-05,22270.00,22340.00
2016-07-06,22270.00,22340.00
2016-07-07,22260.00,22330.00
2016-07-08,22260.00,22330.00
2016-07-09,22260.00,22330.00
2016-07-10,22260.00,22330.00
2016-07-11,22260.00,22330.00
2016-07-12,22260.00,22330.00
2016-07-13,22260.00,22330.00
2016-07-14,22260.00,22330.00
2016-07-15,22260.00,22330.00
2016-07-16,22260.00,22330.00
2016-07-17,22260.00,22330.00
2016-07-18,22260.00,22330.00
2016-07-19,22260.00,22330.00
2016-07-20,22265.00,22335.00
2016-07-21,22265.00,22335.00
2016-07-22,22260.00,22330.00
2016-07-23,22260.00,22330.00
2016-07-24,22260.00,22330.00
2016-07-25,22260.00,22330.00
2016-07-26,22260.00,22330.00
2016-07-27,22260.00,22330.00
2016-07-28,22260.00,22330.00
2016-07-29,22260.00,22330.00
2016-07-30,22260.00,22330.00
2016-07-31,22260.00,22330.00
2016-08-01,22260.00,22330.00
2016-08-02,22260.00,22330.00
2016-08-03,22260.00,22330.00
2016-08-04,22260.00,22330.00
2016-08-05,22260.00,22330.00
2016-08-06,22260.00,22330.00
2016-08-07,22260.00,22330.00
2016-08-08,22260.00,22330.00
2016-08-09,22260.00,22330.00
2016-08-10,22260.00,22330.00
2016-08-11,22260.00,22330.00
2016-08-12,22260.00,22330.00
2016-08-13,22260.00,22330.00
2016-08-14,22260.00,22330.00
2016-08-15,22260.00,22330.00
2016-08-16,22260.00,22330.00
2016-08-17,22260.00,22330.00
2016-08-18,22260.00,22330.00
2016-08-19,22260.00,22330.00
2016-08-20,22260.00,22330.00
2016-08-21,22260.00,22330.00
2016-08-22,22260.00,22330.00
2016-08-23,22260.00,22330.00
2016-08-24,22260.00,22330.00
2016-08-25,22260.00,22330.00
2016-08-26,22265.00,22335.00
2016-08-27,22265.00,22335.00
2016-08-28,22265.00,22335.00
2016-08-29,22270.00,22340.00
2016-08-30,22265.00,22335.00
2016-08-31,22265.00,22335.00
2016-09-01,22260.00,22330.00
2016-09-02,22260.00,22330.00
2016-09-03,22260.00,22330.00
2016-09-04,22260.00,22330.00
2016-09-05,22260.00,22330.00
2016-09-06,22260.00,22330.00
2016-09-07,22260.00,22330.00
2016-09-08,22260.00,22330.00
2016-09-09,22260.00,22330.00
2016-09-10,22260.00,22330.00
2016-09-11,22260.00,22330.00
2016-09-12,22260.00,22330.00
2016-09-13,22260.00,22330.00
2016-09-14,22270.00,22340.00
2016-09-15,22270.00,22340.00
2016-09-16,22270.00,22340.00
2016-09-17,22270.00,22340.00
2016-09-18,22270.00,22340.00
2016-09-19,22275.00,22345.00
2016-09-20,22280.00,22350.00
2016-09-21,22280.00,22350.00
2016-09-22,22270.00,22340.00
2016-09-23,22270.00,22340.00
2016-09-24,22270.00,22340.00
2016-09-25,22270.00,22340.00
2016-09-26,22270.00,22340.00
2016-09-27,22270.00,22340.00
2016-09-28,22270.00,22340.00
2016-09-29,22265.00,22335.00
2016-09-30,22265.00,22335.00
2016-10-01,22265.00,22335.00
2016-10-02,22265.00,22335.00
2016-10-03,22265.00,22335.00
2016-10-04,22265.00,22335.00
2016-10-05,22270.00,22340.00
2016-10-06,22270.00,22340.00
2016-10-07,22265.00,22335.00
2016-10-08,22265.00,22335.00
2016-10-09,22265.00,22335.00
2016-10-10,22265.00,22335.00
2016-10-11,22260.00,22330.00
2016-10-12,22260.00,22330.00
2016-10-13,22270.00,22340.00
2016-10-14,22270.00,22340.00
2016-10-15,22270.00,22340.00
2016-10-16,22270.00,22340.00
2016-10-17,22270.00,22340.00
2016-10-18,22275.00,22345.00
2016-10-19,22275.00,22345.00
2016-10-20,22270.00,22340.00
2016-10-21,22280.00,22350.00
2016-10-22,22280.00,22350.00
2016-10-23,22280.00,22350.00
2016-10-24,22290.00,22360.00
2016-10-25,22300.00,22370.00
2016-10-26,22300.00,22370.00
2016-10-27,22295.00,22365.00
2016-10-28,22295.00,22365.00
2016-10-29,22295.00,22365.00
2016-10-30,22295.00,22365.00
2016-10-31,22285.00,22355.00
2016-11-01,22285.00,22355.00
2016-11-02,22285.00,22355.00
2016-11-03,22285.00,22355.00
2016-11-04,22290.00,22360.00
2016-11-06,22290.00,22360.00
2016-11-07,22295.00,22365.00
2016-11-08,22295.00,22365.00
2016-11-09,22290.00,22360.00
2016-11-10,22285.00,22355.00
2016-11-11,22295.00,22365.00
2016-11-12,22295.00,22365.00
2016-11-13,22295.00,22365.00
2016-11-14,22305.00,22375.00
2016-11-15,22310.00,22380.00
2016-11-16,22345.00,22415.00
2016-11-17,22395.00,22465.00
2016-11-18,22450.00,22550.00
2016-11-19,22450.00,22550.00
2016-11-20,22450.00,22550.00
2016-11-21,22480.00,22580.00
2016-11-22,22515.00,22595.00
2016-11-23,22590.00,22690.00
2016-11-24,22680.00,22780.00
2016-11-25,22680.00,22780.00
2016-11-26,22680.00,22780.00
2016-11-27,22680.00,22780.00
2016-11-28,22660.00,22760.00
2016-11-29,22650.00,22720.00
2016-11-30,22620.00,22700.00
2016-12-01,22650.00,22730.00
2016-12-02,22655.00,22735.00
2016-12-03,22655.00,22735.00
2016-12-04,22655.00,22735.00
2016-12-06,22685.00,22765.00
2016-12-07,22650.00,22730.00
2016-12-08,22595.00,22675.00
2016-12-09,22530.00,22610.00
2016-12-10,22530.00,22610.00
2016-12-11,22530.00,22610.00
2016-12-12,22600.00,22680.00
2016-12-13,22640.00,22720.00
2016-12-14,22670.00,22750.00
2016-12-15,22700.00,22770.00
2016-12-16,22705.00,22775.00
2016-12-17,22705.00,22775.00
2016-12-18,22705.00,22775.00
2016-12-19,22715.00,22785.00
2016-12-20,22720.00,22790.00
2016-12-21,22720.00,22790.00
2016-12-22,22720.00,22790.00
2016-12-23,22720.00,22790.00
2016-12-24,22720.00,22790.00
2016-12-25,22720.00,22790.00
2016-12-26,22720.00,22790.00
2016-12-27,22720.00,22790.00
2016-12-28,22720.00,22790.00
2016-12-29,22730.00,22800.00
2016-12-30,22715.00,22785.00
2016-12-31,22720.00,22790.00
2017-01-01,22720.00,22790.00
2017-01-02,22720.00,22790.00
2017-01-03,22690.00,22760.00
2017-01-04,22655.00,22725.00
2017-01-05,22595.00,22665.00
2017-01-06,22520.00,22600.00
2017-01-07,22520.00,22600.00
2017-01-08,22520.00,22600.00
2017-01-09,22540.00,22620.00
2017-01-10,22535.00,22605.00
2017-01-11,22535.00,22605.00
2017-01-12,22530.00,22600.00
2017-01-13,22535.00,22605.00
2017-01-14,22535.00,22605.00
2017-01-15,22535.00,22605.00
2017-01-16,22530.00,22600.00
2017-01-17,22535.00,22605.00
2017-01-18,22535.00,22605.00
2017-01-19,22530.00,22600.00
2017-01-20,22520.00,22590.00
2017-01-21,22520.00,22590.00
2017-01-22,22520.00,22590.00
2017-01-23,22515.00,22585.00
2017-01-24,22530.00,22600.00
2017-01-25,22560.00,22630.00
2017-01-26,22560.00,22630.00
2017-01-27,22560.00,22630.00
2017-01-28,22560.00,22630.00
2017-01-29,22560.00,22630.00
2017-01-30,22560.00,22630.00
2017-01-31,22560.00,22630.00
2017-02-01,22560.00,22630.00
2017-02-02,22620.00,22690.00
2017-02-03,22585.00,22655.00
2017-02-04,22585.00,22655.00
2017-02-05,22585.00,22655.00
2017-02-06,22545.00,22615.00
2017-02-07,22600.00,22670.00
2017-02-08,22625.00,22695.00
2017-02-09,22630.00,22700.00
2017-02-10,22610.00,22680.00
2017-02-11,22610.00,22680.00
2017-02-12,22610.00,22680.00
2017-02-13,22660.00,22730.00
2017-02-14,22690.00,22760.00
2017-02-15,22730.00,22800.00
2017-02-16,22730.00,22800.00
2017-02-17,22750.00,22820.00
2017-02-18,22750.00,22820.00
2017-02-19,22750.00,22820.00
2017-02-20,22770.00,22840.00
2017-02-21,22790.00,22860.00
2017-02-22,22790.00,22860.00
2017-02-23,22790.00,22860.00
2017-02-24,22760.00,22830.00
2017-02-25,22760.00,22830.00
2017-02-26,22760.00,22830.00
2017-02-27,22745.00,22815.00
2017-02-28,22740.00,22810.00
2017-03-01,22770.00,22840.00
2017-03-02,22795.00,22865.00
2017-03-03,22795.00,22865.00
2017-03-04,22795.00,22865.00
2017-03-05,22795.00,22865.00
2017-03-06,22760.00,22830.00
2017-03-07,22770.00,22840.00
2017-03-08,22750.00,22820.00
2017-03-09,22780.00,22850.00
2017-03-10,22765.00,22835.00
2017-03-11,22765.00,22835.00
2017-03-12,22765.00,22835.00
2017-03-13,22770.00,22840.00
2017-03-15,22790.00,22860.00
2017-03-16,22740.00,22810.00
2017-03-17,22745.00,22815.00
2017-03-18,22745.00,22815.00
2017-03-19,22745.00,22815.00
2017-03-20,22750.00,22820.00
2017-03-21,22750.00,22820.00
2017-03-22,22740.00,22810.00
2017-03-23,22750.00,22820.00
2017-03-24,22750.00,22820.00
2017-03-25,22750.00,22820.00
2017-03-26,22750.00,22820.00
2017-03-27,22735.00,22805.00
2017-03-28,22735.00,22805.00
2017-03-29,22715.00,22785.00
2017-03-30,22720.00,22790.00
2017-03-31,22720.00,22790.00
2017-04-01,22720.00,22790.00
2017-04-02,22720.00,22790.00
2017-04-03,22680.00,22750.00
2017-04-04,22665.00,22745.00
2017-04-05,22640.00,22710.00
2017-04-06,22640.00,22710.00
2017-04-07,22640.00,22710.00
2017-04-08,22640.00,22710.00
2017-04-09,22640.00,22710.00
2017-04-10,22640.00,22710.00
2017-04-11,22630.00,22700.00
2017-04-12,22630.00,22700.00
2017-04-13,22640.00,22710.00
2017-04-14,22655.00,22725.00
2017-04-15,22655.00,22725.00
2017-04-16,22655.00,22725.00
2017-04-17,22700.00,22770.00
2017-04-18,22720.00,22790.00
2017-04-19,22695.00,22765.00
2017-04-20,22685.00,22755.00
2017-04-21,22675.00,22745.00
2017-04-22,22675.00,22745.00
2017-04-23,22675.00,22745.00
2017-04-24,22705.00,22775.00
2017-04-25,22720.00,22790.00
2017-04-26,22700.00,22770.00
2017-04-27,22690.00,22760.00
2017-04-28,22695.00,22765.00
2017-04-29,22695.00,22765.00
2017-04-30,22695.00,22765.00
2017-05-01,22695.00,22765.00
2017-05-02,22695.00,22765.00
2017-05-03,22710.00,22780.00
2017-05-04,22715.00,22785.00
2017-05-05,22690.00,22760.00
2017-05-06,22690.00,22760.00
2017-05-07,22690.00,22760.00
2017-05-08,22695.00,22765.00
2017-05-09,22700.00,22770.00
2017-05-10,22685.00,22755.00
2017-05-11,22675.00,22745.00
2017-05-12,22655.00,22725.00
2017-05-13,22655.00,22725.00
2017-05-14,22655.00,22725.00
2017-05-15,22645.00,22715.00
2017-05-16,22645.00,22715.00
2017-05-17,22645.00,22715.00
2017-05-18,22661.00,22731.00
2017-05-19,22660.00,22730.00
2017-05-20,22660.00,22730.00
2017-05-21,22660.00,22730.00
2017-05-22,22660.00,22730.00
2017-05-23,22650.00,22720.00
2017-05-24,22650.00,22720.00
2017-05-25,22650.00,22720.00
2017-05-26,22680.00,22750.00
2017-05-27,22680.00,22750.00
2017-05-28,22680.00,22750.00
2017-05-29,22690.00,22760.00
2017-05-30,22675.00,22745.00
2017-05-31,22680.00,22750.00
2017-06-01,22660.00,22730.00
2017-06-02,22675.00,22745.00
2017-06-03,22675.00,22745.00
2017-06-04,22675.00,22745.00
2017-06-05,22675.00,22745.00
2017-06-06,22680.00,22750.00
2017-06-07,22665.00,22735.00
2017-06-08,22655.00,22725.00
2017-06-09,22650.00,22720.00
2017-06-10,22650.00,22720.00
2017-06-11,22650.00,22720.00
2017-06-12,22660.00,22730.00
2017-06-13,22660.00,22730.00
2017-06-14,22665.00,22735.00
2017-06-15,22655.00,22725.00
2017-06-16,22655.00,22725.00
2017-06-17,22655.00,22725.00
2017-06-18,22655.00,22725.00
2017-06-19,22680.00,22750.00
2017-06-20,22690.00,22760.00
2017-06-21,22690.00,22760.00
2017-06-22,22690.00,22760.00
2017-06-23,22690.00,22760.00
2017-06-24,22690.00,22760.00
2017-06-25,22690.00,22760.00
2017-06-26,22700.00,22770.00
2017-06-27,22705.00,22775.00
2017-06-28,22705.00,22775.00
2017-06-29,22700.00,22770.00
2017-06-30,22700.00,22770.00
2017-07-01,22700.00,22770.00
2017-07-02,22700.00,22770.00
2017-07-03,22695.00,22765.00
2017-07-04,22700.00,22770.00
2017-07-05,22705.00,22775.00
2017-07-06,22710.00,22780.00
2017-07-07,22710.00,22790.00
2017-07-08,22710.00,22790.00
2017-07-09,22710.00,22790.00
2017-07-10,22720.00,22790.00
2017-07-11,22695.00,22765.00
2017-07-12,22695.00,22765.00
2017-07-13,22700.00,22770.00
2017-07-14,22700.00,22770.00
2017-07-15,22700.00,22770.00
2017-07-16,22700.00,22770.00
2017-07-17,22690.00,22760.00
2017-07-18,22690.00,22760.00
2017-07-19,22695.00,22765.00
2017-07-20,22700.00,22770.00
2017-07-21,22700.00,22770.00
2017-07-22,22700.00,22770.00
2017-07-23,22700.00,22770.00
2017-07-24,22690.00,22760.00
2017-07-25,22695.00,22765.00
2017-07-26,22695.00,22765.00
2017-07-27,22695.00,22765.00
2017-07-28,22695.00,22765.00
2017-07-29,22695.00,22765.00
2017-07-30,22695.00,22765.00
2017-07-31,22690.00,22760.00
2017-08-01,22690.00,22760.00
2017-08-02,22695.00,22765.00
2017-08-03,22695.00,22765.00
2017-08-04,22700.00,22770.00
2017-08-05,22700.00,22770.00
2017-08-06,22700.00,22770.00
2017-08-07,22695.00,22765.00
2017-08-08,22695.00,22765.00
2017-08-09,22690.00,22760.00
2017-08-10,22695.00,22765.00
2017-08-11,22695.00,22765.00
2017-08-12,22695.00,22765.00
2017-08-13,22695.00,22765.00
2017-08-14,22690.00,22760.00
2017-08-15,22690.00,22760.00
2017-08-16,22690.00,22760.00
2017-08-17,22690.00,22760.00
2017-08-18,22690.00,22760.00
2017-08-19,22690.00,22760.00
2017-08-20,22690.00,22760.00
2017-08-21,22690.00,22760.00
2017-08-22,22690.00,22760.00
2017-08-23,22690.00,22760.00
2017-08-24,22695.00,22765.00
2017-08-25,22695.00,22765.00
2017-08-26,22695.00,22765.00
2017-08-27,22695.00,22765.00
2017-08-28,22695.00,22765.00
2017-08-29,22695.00,22765.00
2017-08-30,22695.00,22765.00
2017-08-31,22695.00,22765.00
2017-09-01,22695.00,22765.00
2017-09-02,22695.00,22765.00
2017-09-03,22695.00,22765.00
2017-09-04,22695.00,22765.00
2017-09-05,22690.00,22760.00
2017-09-06,22695.00,22765.00
2017-09-07,22690.00,22760.00
2017-09-08,22690.00,22760.00
2017-09-09,22690.00,22760.00
2017-09-10,22690.00,22760.00
2017-09-11,22690.00,22760.00
2017-09-12,22690.00,22760.00
2017-09-13,22690.00,22760.00
2017-09-14,22690.00,22760.00
2017-09-15,22690.00,22760.00
2017-09-16,22690.00,22760.00
2017-09-17,22690.00,22760.00
2017-09-18,22690.00,22760.00
2017-09-19,22690.00,22760.00
2017-09-20,22690.00,22760.00
2017-09-21,22690.00,22760.00
2017-09-22,22700.00,22770.00
2017-09-23,22700.00,22770.00
2017-09-24,22700.00,22770.00
2017-09-25,22700.00,22770.00
2017-09-26,22700.00,22770.00
2017-09-27,22695.00,22765.00
2017-09-28,22695.00,22765.00
2017-09-29,22690.00,22760.00
2017-09-30,22690.00,22760.00
2017-10-01,22690.00,22760.00
2017-10-02,22690.00,22760.00
2017-10-03,22690.00,22760.00
2017-10-04,22690.00,22760.00
2017-10-05,22695.00,22765.00
2017-10-06,22695.00,22765.00
2017-10-07,22695.00,22765.00
2017-10-08,22695.00,22765.00
2017-10-09,22690.00,22760.00
2017-10-10,22690.00,22760.00
2017-10-11,22685.00,22755.00
2017-10-12,22685.00,22755.00
2017-10-13,22680.00,22750.00
2017-10-14,22680.00,22750.00
2017-10-15,22680.00,22750.00
2017-10-16,22680.00,22750.00
2017-10-17,22685.00,22755.00
2017-10-18,22680.00,22750.00
2017-10-19,22685.00,22755.00
2017-10-20,22680.00,22750.00
2017-10-21,22680.00,22750.00
2017-10-22,22680.00,22750.00
2017-10-23,22685.00,22755.00
2017-10-24,22685.00,22755.00
2017-10-25,22685.00,22755.00
2017-10-26,22685.00,22755.00
2017-10-27,22680.00,22750.00
2017-10-28,22680.00,22750.00
2017-10-29,22680.00,22750.00
2017-10-30,22685.00,22755.00
2017-10-31,22675.00,22745.00
2017-11-01,22675.00,22745.00
2017-11-02,22675.00,22745.00
2017-11-03,22680.00,22750.00
2017-11-04,22680.00,22750.00
2017-11-05,22680.00,22750.00
2017-11-06,22675.00,22745.00
2017-11-07,22680.00,22750.00
2017-11-08,22680.00,22750.00
2017-11-09,22680.00,22750.00
2017-11-10,22680.00,22750.00
2017-11-11,22680.00,22750.00
2017-11-12,22680.00,22750.00
2017-11-13,22675.00,22745.00
2017-11-14,22675.00,22745.00
2017-11-15,22675.00,22745.00
2017-11-16,22675.00,22745.00
2017-11-17,22675.00,22745.00
2017-11-18,22675.00,22745.00
2017-11-19,22675.00,22745.00
2017-11-20,22675.00,22745.00
2017-11-21,22680.00,22750.00
2017-11-22,22690.00,22760.00
2017-11-23,22690.00,22760.00
2017-11-24,22690.00,22760.00
2017-11-25,22690.00,22760.00
2017-11-26,22690.00,22760.00
2017-11-27,22680.00,22750.00
2017-11-28,22680.00,22750.00
2017-11-29,22685.00,22755.00
2017-12-02,22680.00,22750.00
2017-12-03,22680.00,22750.00
2017-12-04,22680.00,22750.00
2017-12-05,22680.00,22750.00
2017-12-06,22680.00,22750.00
2017-12-07,22680.00,22750.00
2017-12-08,22675.00,22745.00
2017-12-09,22675.00,22745.00
2017-12-10,22675.00,22745.00
2017-12-11,22675.00,22745.00
2017-12-12,22675.00,22745.00
2017-12-13,22675.00,22745.00
2017-12-14,22680.00,22750.00
2017-12-15,22680.00,22750.00
2017-12-16,22680.00,22750.00
2017-12-17,22680.00,22750.00
2017-12-18,22680.00,22750.00
2017-12-19,22680.00,22750.00
2017-12-20,22680.00,22750.00
2017-12-21,22680.00,22750.00
2017-12-22,22675.00,22745.00
2017-12-23,22675.00,22745.00
2017-12-24,22675.00,22745.00
2017-12-25,22675.00,22745.00
2017-12-26,22675.00,22745.00
2017-12-27,22675.00,22745.00
2017-12-28,22675.00,22745.00
2017-12-29,22665.00,22735.00
2017-12-30,22665.00,22735.00
2017-12-31,22665.00,22735.00
2018-01-01,22665.00,22735.00
2018-01-02,22675.00,22745.00
2018-01-03,22675.00,22745.00
2018-01-04,22675.00,22745.00
2018-01-05,22675.00,22745.00
2018-01-06,22675.00,22745.00
2018-01-07,22675.00,22745.00
2018-01-08,22675.00,22745.00
2018-01-09,22675.00,22745.00
2018-01-10,22675.00,22745.00
2018-01-11,22675.00,22745.00
2018-01-12,22675.00,22745.00
2018-01-13,22675.00,22745.00
2018-01-14,22675.00,22745.00
2018-01-15,22675.00,22745.00
2018-01-16,22675.00,22745.00
2018-01-17,22675.00,22745.00
2018-01-18,22675.00,22745.00
2018-01-19,22675.00,22745.00
2018-01-20,22675.00,22745.00
2018-01-21,22675.00,22745.00
2018-01-22,22675.00,22745.00
2018-01-23,22675.00,22745.00
2018-01-24,22675.00,22745.00
2018-01-25,22675.00,22745.00
2018-01-26,22675.00,22745.00
2018-01-27,22675.00,22745.00
2018-01-28,22675.00,22745.00
2018-01-29,22675.00,22745.00
2018-01-30,22675.00,22745.00
2018-01-31,22675.00,22745.00
2018-02-01,22675.00,22745.00
2018-02-02,22675.00,22745.00
2018-02-03,22675.00,22745.00
2018-02-04,22675.00,22745.00
2018-02-05,22675.00,22745.00
2018-02-06,22675.00,22745.00
2018-02-07,22660.00,22730.00
2018-02-08,22650.00,22720.00
2018-02-09,22660.00,22730.00
2018-02-10,22660.00,22730.00
2018-02-11,22660.00,22730.00
2018-02-12,22670.00,22740.00
2018-02-13,22665.00,22735.00
2018-02-14,22665.00,22735.00
2018-02-15,22665.00,22735.00
2018-02-16,22665.00,22735.00
2018-02-17,22665.00,22735.00
2018-02-18,22665.00,22735.00
2018-02-19,22665.00,22735.00
2018-02-20,22665.00,22735.00
2018-02-21,22680.00,22750.00
2018-02-22,22685.00,22755.00
2018-02-23,22700.00,22770.00
2018-02-24,22700.00,22770.00
2018-02-25,22700.00,22770.00
2018-02-26,22705.00,22775.00
2018-02-27,22715.00,22785.00
2018-02-28,22720.00,22790.00
2018-03-01,22715.00,22785.00
2018-03-02,22720.00,22790.00
2018-03-03,22720.00,22790.00
2018-03-04,22720.00,22790.00
2018-03-05,22725.00,22795.00
2018-03-06,22725.00,22795.00
2018-03-07,22720.00,22790.00
2018-03-08,22720.00,22790.00
2018-03-09,22720.00,22790.00
2018-03-10,22720.00,22790.00
2018-03-11,22720.00,22790.00
2018-03-12,22720.00,22790.00
2018-03-13,22725.00,22795.00
2018-03-14,22725.00,22795.00
2018-03-15,22725.00,22795.00
2018-03-16,22725.00,22795.00
2018-03-17,22725.00,22795.00
2018-03-18,22725.00,22795.00
2018-03-19,22725.00,22795.00
2018-03-20,22735.00,22805.00
2018-03-21,22735.00,22805.00
2018-03-22,22745.00,22815.00
2018-03-23,22760.00,22830.00
2018-03-24,22760.00,22830.00
2018-03-26,22760.00,22830.00
2018-03-27,22775.00,22845.00
2018-03-28,22780.00,22850.00
2018-03-29,22770.00,22840.00
2018-03-30,22750.00,22820.00
2018-03-31,22750.00,22820.00
2018-04-01,22750.00,22820.00
2018-04-02,22755.00,22825.00
2018-04-03,22775.00,22845.00
2018-04-04,22775.00,22845.00
2018-04-05,22770.00,22840.00
2018-04-06,22765.00,22835.00
2018-04-07,22765.00,22835.00
2018-04-08,22765.00,22835.00
2018-04-09,22755.00,22825.00
2018-04-10,22755.00,22825.00
2018-04-11,22755.00,22825.00
2018-04-12,22755.00,22825.00
2018-04-13,22750.00,22820.00
2018-04-14,22750.00,22820.00
2018-04-15,22750.00,22820.00
2018-04-16,22735.00,22805.00
2018-04-17,22735.00,22805.00
2018-04-18,22735.00,22805.00
2018-04-19,22740.00,22810.00
2018-04-20,22740.00,22810.00
2018-04-21,22740.00,22810.00
2018-04-22,22740.00,22810.00
2018-04-23,22735.00,22805.00
2018-04-24,22735.00,22805.00
2018-04-25,22735.00,22805.00
2018-04-26,22735.00,22805.00
2018-04-27,22730.00,22800.00
2018-04-28,22730.00,22800.00
2018-04-29,22730.00,22800.00
2018-04-30,22730.00,22800.00
2018-05-01,22730.00,22800.00
2018-05-02,22720.00,22790.00
2018-05-03,22730.00,22800.00
2018-05-04,22735.00,22805.00
2018-05-05,22735.00,22805.00
2018-05-06,22735.00,22805.00
2018-05-07,22735.00,22805.00
2018-05-08,22735.00,22805.00
2018-05-09,22735.00,22805.00
2018-05-10,22735.00,22805.00
2018-05-11,22735.00,22805.00
2018-05-12,22735.00,22805.00
2018-05-13,22735.00,22805.00
2018-05-14,22735.00,22805.00
2018-05-15,22735.00,22805.00
2018-05-16,22735.00,22805.00
2018-05-17,22740.00,22810.00
2018-05-18,22745.00,22815.00
2018-05-19,22745.00,22815.00
2018-05-20,22745.00,22815.00
2018-05-21,22745.00,22815.00
2018-05-22,22735.00,22805.00
2018-05-23,22740.00,22810.00
2018-05-24,22740.00,22810.00
2018-05-25,22755.00,22825.00
2018-05-26,22755.00,22825.00
2018-05-27,22755.00,22825.00
2018-05-28,22775.00,22845.00
2018-05-29,22810.00,22880.00
2018-05-30,22785.00,22855.00
2018-05-31,22765.00,22835.00
2018-06-01,22765.00,22835.00
2018-06-02,22765.00,22835.00
2018-06-03,22765.00,22835.00
2018-06-04,22785.00,22855.00
2018-06-05,22775.00,22845.00
2018-06-06,22770.00,22840.00
2018-06-07,22765.00,22835.00
2018-06-08,22765.00,22835.00
2018-06-09,22765.00,22835.00
2018-06-10,22765.00,22835.00
2018-06-11,22770.00,22840.00
2018-06-12,22775.00,22845.00
2018-06-13,22770.00,22840.00
2018-06-14,22775.00,22845.00
2018-06-15,22785.00,22855.00
2018-06-16,22785.00,22855.00
2018-06-17,22785.00,22855.00
2018-06-18,22795.00,22865.00
2018-06-19,22810.00,22880.00
2018-06-20,22830.00,22900.00
2018-06-21,22855.00,22925.00
2018-06-22,22830.00,22900.00
2018-06-23,22830.00,22900.00
2018-06-24,22830.00,22900.00
2018-06-25,22850.00,22920.00
2018-06-26,22890.00,22960.00
2018-06-27,22905.00,22975.00
2018-06-28,22905.00,22975.00
2018-06-29,22920.00,22990.00
2018-06-30,22920.00,22990.00
2018-07-01,22920.00,22990.00
2018-07-02,23005.00,23075.00
2018-07-03,23000.00,23070.00
2018-07-04,23000.00,23070.00
2018-07-05,23005.00,23075.00
2018-07-06,22995.00,23065.00
2018-07-07,22995.00,23065.00
2018-07-08,22995.00,23065.00
2018-07-09,23005.00,23075.00
2018-07-10,23000.00,23070.00
2018-07-11,23005.00,23075.00
2018-07-12,23005.00,23075.00
2018-07-13,23010.00,23080.00
2018-07-14,23010.00,23080.00
2018-07-17,23010.00,23080.00
2018-07-18,23010.00,23080.00
2018-07-19,23015.00,23085.00
2018-07-20,23015.00,23085.00
2018-07-21,23015.00,23085.00
2018-07-22,23015.00,23085.00
2018-07-23,23180.00,23250.00
2018-07-24,23200.00,23280.00
2018-07-25,23160.00,23240.00
2018-07-26,23155.00,23235.00
2018-07-27,23155.00,23235.00
2018-07-29,23200.00,23280.00
2018-07-30,23220.00,23300.00
2018-07-31,23245.00,23325.00
2018-08-01,23245.00,23325.00
2018-08-02,23240.00,23320.00
2018-08-03,23260.00,23340.00
2018-08-04,23260.00,23340.00
2018-08-05,23260.00,23340.00
2018-08-06,23265.00,23345.00
2018-08-07,23265.00,23345.00
2018-08-08,23250.00,23330.00
2018-08-09,23235.00,23315.00
2018-08-10,23260.00,23340.00
2018-08-11,23260.00,23340.00
2018-08-12,23260.00,23340.00
2018-08-13,23270.00,23350.00
2018-08-14,23270.00,23350.00
2018-08-15,23270.00,23350.00
2018-08-16,23270.00,23350.00
2018-08-17,23255.00,23335.00
2018-08-18,23255.00,23335.00
2018-08-19,23255.00,23335.00
2018-08-20,23230.00,23310.00
2018-08-21,23220.00,23300.00
2018-08-22,23240.00,23320.00
2018-08-23,23240.00,23320.00
2018-08-24,23260.00,23340.00
2018-08-25,23260.00,23340.00
2018-08-26,23260.00,23340.00
2018-08-27,23255.00,23335.00
2018-08-28,23255.00,23335.00
2018-08-29,23255.00,23335.00
2018-08-30,23260.00,23340.00
2018-08-31,23260.00,23340.00
2018-09-01,23260.00,23340.00
2018-09-02,23260.00,23340.00
2018-09-03,23260.00,23340.00
2018-09-04,23270.00,23350.00
2018-09-05,23275.00,23355.00
2018-09-06,23275.00,23355.00
2018-09-07,23260.00,23340.00
2018-09-08,23260.00,23340.00
2018-09-09,23260.00,23340.00
2018-09-10,23260.00,23340.00
2018-09-11,23245.00,23325.00
2018-09-12,23245.00,23325.00
2018-09-13,23225.00,23305.00
2018-09-14,23210.00,23290.00
2018-09-15,23210.00,23290.00
2018-09-16,23210.00,23290.00
2018-09-17,23245.00,23325.00
2018-09-18,23245.00,23325.00
2018-09-19,23260.00,23340.00
2018-09-20,23280.00,23360.00
2018-09-21,23290.00,23370.00
2018-09-22,23290.00,23370.00
2018-09-23,23290.00,23370.00
2018-09-24,23295.00,23375.00
2018-09-25,23300.00,23380.00
2018-09-26,23310.00,23390.00
2018-09-27,23305.00,23385.00
2018-09-28,23290.00,23370.00
2018-09-29,23290.00,23370.00
2018-09-30,23290.00,23370.00
2018-10-01,23290.00,23370.00
2018-10-02,23290.00,23370.00
2018-10-03,23300.00,23380.00
2018-10-04,23310.00,23390.00
2018-10-05,23310.00,23390.00
2018-10-06,23310.00,23390.00
2018-10-07,23310.00,23390.00
2018-10-08,23310.00,23390.00
2018-10-09,23315.00,23395.00
2018-10-10,23305.00,23385.00
2018-10-11,23305.00,23385.00
2018-10-12,23305.00,23385.00
2018-10-13,23305.00,23385.00
2018-10-14,23305.00,23385.00
2018-10-15,23295.00,23375.00
2018-10-16,23295.00,23375.00
2018-10-17,23295.00,23385.00
2018-10-18,23295.00,23385.00
2018-10-19,23300.00,23390.00
2018-10-20,23300.00,23390.00
2018-10-21,23300.00,23390.00
2018-10-22,23300.00,23390.00
2018-10-23,23300.00,23390.00
2018-10-24,23300.00,23390.00
2018-10-25,23300.00,23390.00
2018-10-26,23300.00,23390.00
2018-10-27,23300.00,23390.00
2018-10-28,23300.00,23390.00
2018-10-29,23300.00,23390.00
2018-10-30,23300.00,23390.00
2018-10-31,23300.00,23390.00
2018-11-01,23290.00,23380.00
2018-11-02,23275.00,23365.00
2018-11-03,23275.00,23365.00
2018-11-04,23275.00,23365.00
2018-11-05,23275.00,23365.00
2018-11-06,23275.00,23365.00
2018-11-07,23280.00,23370.00
2018-11-08,23275.00,23365.00
2018-11-09,23245.00,23335.00
2018-11-10,23245.00,23335.00
2018-11-11,23245.00,23335.00
2018-11-12,23255.00,23345.00
2018-11-13,23260.00,23350.00
2018-11-14,23260.00,23350.00
2018-11-15,23265.00,23355.00
2018-11-16,23265.00,23355.00
2018-11-17,23265.00,23355.00
2018-11-18,23265.00,23355.00
2018-11-19,23270.00,23360.00
2018-11-20,23290.00,23380.00
2018-11-21,23300.00,23390.00
2018-11-22,23305.00,23395.00
2018-11-23,23285.00,23375.00
2018-11-24,23285.00,23375.00
2018-11-25,23285.00,23375.00
2018-11-26,23300.00,23390.00
2018-11-27,23300.00,23390.00
2018-11-28,23295.00,23385.00
2018-11-29,23275.00,23365.00
2018-11-30,23275.00,23365.00
2018-12-01,23275.00,23365.00
2018-12-02,23275.00,23365.00
2018-12-03,23260.00,23350.00
2018-12-04,23245.00,23335.00
2018-12-05,23260.00,23350.00
2018-12-06,23280.00,23370.00
2018-12-07,23270.00,23360.00
2018-12-08,23270.00,23360.00
2018-12-09,23270.00,23360.00
2018-12-10,23265.00,23355.00
2018-12-11,23260.00,23350.00
2018-12-12,23250.00,23340.00
2018-12-13,23240.00,23330.00
2018-12-14,23255.00,23345.00
2018-12-15,23255.00,23345.00
2018-12-16,23255.00,23345.00
2018-12-17,23270.00,23360.00
2018-12-18,23270.00,23360.00
2018-12-19,23265.00,23355.00
2018-12-20,23235.00,23325.00
2018-12-21,23240.00,23330.00
2018-12-22,23240.00,23330.00
2018-12-23,23240.00,23330.00
2018-12-24,23230.00,23320.00
2018-12-25,23230.00,23320.00
2018-12-26,23180.00,23270.00
2018-12-27,23170.00,23260.00
2018-12-28,23155.00,23245.00
2018-12-29,23155.00,23245.00
2018-12-30,23155.00,23245.00
2018-12-31,23155.00,23245.00
2019-01-01,23155.00,23245.00
2019-01-02,23165.00,23255.00
2019-01-03,23160.00,23250.00
2019-01-04,23155.00,23245.00
2019-01-05,23155.00,23245.00
2019-01-06,23155.00,23245.00
2019-01-07,23155.00,23245.00
2019-01-08,23165.00,23255.00
2019-01-09,23155.00,23245.00
2019-01-10,23155.00,23245.00
2019-01-11,23155.00,23245.00
2019-01-12,23155.00,23245.00
2019-01-13,23155.00,23245.00
2019-01-14,23155.00,23245.00
2019-01-15,23155.00,23245.00
2019-01-16,23155.00,23245.00
2019-01-17,23155.00,23245.00
2019-01-18,23155.00,23245.00
2019-01-19,23155.00,23245.00
2019-01-20,23155.00,23245.00
2019-01-21,23155.00,23245.00
2019-01-22,23155.00,23245.00
2019-01-23,23155.00,23245.00
2019-01-24,23155.00,23245.00
2019-01-25,23145.00,23235.00
2019-01-26,23145.00,23235.00
2019-01-27,23145.00,23235.00
2019-01-28,23150.00,23240.00
2019-01-29,23150.00,23240.00
2019-01-30,23150.00,23240.00
2019-01-31,23160.00,23250.00
2019-02-01,23150.00,23240.00
2019-02-02,23150.00,23240.00
2019-02-03,23150.00,23240.00
2019-02-04,23150.00,23240.00
2019-02-05,23150.00,23240.00
2019-02-06,23150.00,23240.00
2019-02-07,23150.00,23240.00
2019-02-08,23150.00,23240.00
2019-02-09,23150.00,23240.00
2019-02-10,23150.00,23240.00
2019-02-11,23160.00,23250.00
2019-02-12,23155.00,23245.00
2019-02-13,23155.00,23255.00
2019-02-14,23150.00,23250.00
2019-02-15,23150.00,23250.00
2019-02-16,23150.00,23250.00
2019-02-17,23150.00,23250.00
2019-02-18,23150.00,23250.00
2019-02-19,23150.00,23250.00
2019-02-20,23150.00,23250.00
2019-02-21,23160.00,23260.00
2019-02-22,23165.00,23265.00
2019-02-23,23165.00,23265.00
2019-02-24,23165.00,23265.00
2019-02-25,23165.00,23265.00
2019-02-26,23150.00,23250.00
2019-02-27,23150.00,23250.00
2019-02-28,23150.00,23250.00
2019-03-01,23150.00,23250.00
2019-03-02,23150.00,23250.00
2019-03-03,23150.00,23250.00
2019-03-04,23150.00,23250.00
2019-03-05,23150.00,23250.00
2019-03-06,23150.00,23250.00
2019-03-07,23150.00,23250.00
2019-03-08,23150.00,23250.00
2019-03-09,23150.00,23250.00
2019-03-10,23150.00,23250.00
2019-03-11,23150.00,23250.00
2019-03-12,23150.00,23250.00
2019-03-13,23150.00,23250.00
2019-03-14,23150.00,23250.00
2019-03-15,23150.00,23250.00
2019-03-16,23150.00,23250.00
2019-03-17,23150.00,23250.00
2019-03-18,23160.00,23260.00
2019-03-19,23160.00,23260.00
2019-03-20,23155.00,23255.00
2019-03-21,23155.00,23255.00
2019-03-22,23150.00,23250.00
2019-03-23,23150.00,23250.00
2019-03-24,23150.00,23250.00
2019-03-25,23155.00,23255.00
2019-03-26,23150.00,23250.00
2019-03-27,23145.00,23245.00
2019-03-28,23150.00,23250.00
2019-03-29,23150.00,23250.00
2019-03-30,23150.00,23250.00
2019-04-02,23150.00,23250.00
2019-04-03,23150.00,23250.00
2019-04-04,23150.00,23250.00
2019-04-05,23150.00,23250.00
2019-04-06,23150.00,23250.00
2019-04-07,23150.00,23250.00
2019-04-08,23155.00,23255.00
2019-04-09,23150.00,23250.00
2019-04-10,23150.00,23250.00
2019-04-11,23150.00,23250.00
2019-04-12,23150.00,23250.00
2019-04-13,23150.00,23250.00
2019-04-14,23150.00,23250.00
2019-04-15,23150.00,23250.00
2019-04-16,23150.00,23250.00
2019-04-17,23150.00,23250.00
2019-04-18,23150.00,23250.00
2019-04-19,23155.00,23255.00
2019-04-20,23155.00,23255.00
2019-04-21,23155.00,23255.00
2019-04-22,23165.00,23265.00
2019-04-23,23165.00,23265.00
2019-04-24,23190.00,23290.00
2019-04-25,23210.00,23310.00
2019-04-26,23230.00,23330.00
2019-04-27,23230.00,23330.00
2019-04-28,23230.00,23330.00
2019-04-29,23230.00,23330.00
2019-04-30,23230.00,23330.00
2019-05-01,23230.00,23330.00
2019-05-02,23210.00,23310.00
2019-05-03,23210.00,23310.00
2019-05-04,23200.00,23300.00
2019-05-05,23200.00,23300.00
2019-05-06,23235.00,23335.00
2019-05-07,23275.00,23395.00
2019-05-08,23300.00,23420.00
2019-05-09,23330.00,23450.00
2019-05-10,23260.00,23380.00
2019-05-11,23260.00,23380.00
2019-05-12,23260.00,23380.00
2019-05-13,23280.00,23400.00
2019-05-14,23300.00,23420.00
2019-05-15,23250.00,23370.00
2019-05-16,23245.00,23365.00
2019-05-17,23330.00,23450.00
2019-05-18,23330.00,23450.00
2019-05-19,23330.00,23450.00
2019-05-20,23345.00,23465.00
2019-05-21,23345.00,23465.00
2019-05-22,23330.00,23450.00
2019-05-23,23330.00,23450.00
2019-05-24,23335.00,23455.00
2019-05-25,23335.00,23455.00
2019-05-26,23335.00,23455.00
2019-05-27,23330.00,23450.00
2019-05-28,23335.00,23455.00
2019-05-29,23345.00,23465.00
2019-05-30,23360.00,23480.00
2019-05-31,23355.00,23475.00
2019-06-01,23355.00,23475.00
2019-06-02,23355.00,23475.00
2019-06-03,23350.00,23470.00
2019-06-04,23345.00,23465.00
2019-06-05,23355.00,23475.00
2019-06-06,23355.00,23475.00
2019-06-07,23340.00,23460.00
2019-06-08,23340.00,23460.00
2019-06-09,23340.00,23460.00
2019-06-10,23310.00,23430.00
2019-06-11,23280.00,23400.00
2019-06-12,23265.00,23385.00
2019-06-13,23260.00,23380.00
2019-06-14,23265.00,23385.00
2019-06-15,23265.00,23385.00
2019-06-16,23265.00,23385.00
2019-06-17,23295.00,23415.00
2019-06-18,23270.00,23390.00
2019-06-19,23255.00,23375.00
2019-06-20,23245.00,23365.00
2019-06-21,23230.00,23350.00
2019-06-22,23230.00,23350.00
2019-06-23,23230.00,23350.00
2019-06-24,23230.00,23350.00
2019-06-25,23240.00,23360.00
2019-06-26,23250.00,23370.00
2019-06-27,23275.00,23395.00
2019-06-28,23230.00,23350.00
2019-06-29,23230.00,23350.00
2019-06-30,23230.00,23350.00
2019-07-01,23210.00,23330.00
2019-07-02,23180.00,23300.00
2019-07-03,23185.00,23305.00
2019-07-04,23190.00,23310.00
2019-07-05,23190.00,23310.00
2019-07-06,23190.00,23310.00
2019-07-07,23190.00,23310.00
2019-07-08,23190.00,23310.00
2019-07-09,23155.00,23275.00
2019-07-10,23160.00,23280.00
2019-07-11,23140.00,23260.00
2019-07-12,23140.00,23260.00
2019-07-13,23140.00,23260.00
2019-07-14,23140.00,23260.00
2019-07-15,23140.00,23260.00
2019-07-16,23140.00,23260.00
2019-07-17,23140.00,23260.00
2019-07-18,23170.00,23290.00
2019-07-19,23190.00,23310.00
2019-07-20,23190.00,23310.00
2019-07-21,23190.00,23310.00
2019-07-22,23180.00,23300.00
2019-07-23,23155.00,23275.00
2019-07-24,23155.00,23275.00
2019-07-25,23150.00,23270.00
2019-07-26,23155.00,23275.00
2019-07-27,23155.00,23275.00
2019-07-28,23155.00,23275.00
2019-07-29,23155.00,23275.00
2019-07-30,23140.00,23260.00
2019-07-31,23140.00,23260.00
2019-08-01,23145.00,23265.00
2019-08-02,23160.00,23280.00
2019-08-03,23160.00,23280.00
2019-08-04,23160.00,23280.00
2019-08-05,23215.00,23335.00
2019-08-06,23190.00,23310.00
2019-08-07,23160.00,23280.00
2019-08-08,23160.00,23280.00
2019-08-09,23140.00,23260.00
2019-08-10,23140.00,23260.00
2019-08-11,23140.00,23260.00
2019-08-12,23145.00,23265.00
2019-08-13,23145.00,23265.00
2019-08-14,23150.00,23270.00
2019-08-15,23150.00,23270.00
2019-08-16,23150.00,23270.00
2019-08-17,23150.00,23270.00
2019-08-18,23150.00,23270.00
2019-08-19,23145.00,23265.00
2019-08-20,23145.00,23265.00
2019-08-21,23140.00,23260.00
2019-08-22,23145.00,23265.00
2019-08-23,23140.00,23260.00
2019-08-24,23140.00,23260.00
2019-08-25,23140.00,23260.00
2019-08-26,23140.00,23260.00
2019-08-27,23140.00,23260.00
2019-08-28,23145.00,23265.00
2019-08-29,23140.00,23260.00
2019-08-30,23130.00,23250.00
2019-08-31,23130.00,23250.00
2019-09-01,23130.00,23250.00
2019-09-02,23130.00,23250.00
2019-09-03,23135.00,23255.00
2019-09-04,23135.00,23255.00
2019-09-05,23140.00,23260.00
2019-09-06,23140.00,23260.00
2019-09-07,23140.00,23260.00
2019-09-15,23125.00,23155.00
2019-09-22,23120.00,23150.00
2019-09-28,23110.00,23140.00
2019-09-29,23110.00,23140.00
2019-09-30,23120.00,23150.00
2019-10-01,23120.00,23150.00
2019-10-02,23110.00,23140.00
2019-10-03,23110.00,23140.00
2019-10-04,23110.00,23140.00
2019-10-05,23110.00,23140.00
2019-10-06,23110.00,23140.00
2019-10-07,23115.00,23145.00
2019-10-08,23110.00,23140.00
2019-10-09,23110.00,23140.00
2019-10-10,23110.00,23140.00
2019-10-11,23110.00,23140.00
2019-10-12,23110.00,23140.00
2019-10-13,23110.00,23140.00
2019-10-14,23115.00,23145.00
2019-10-15,23115.00,23145.00
2019-10-16,23110.00,23140.00
2019-10-17,23115.00,23145.00
2019-10-18,23115.00,23145.00
2019-10-19,23115.00,23145.00
2019-10-20,23115.00,23145.00
2019-10-21,23120.00,23150.00
2019-10-22,23115.00,23145.00
2019-10-23,23115.00,23145.00
2019-10-24,23115.00,23145.00
2019-10-25,23115.00,23145.00
2019-10-26,23115.00,23145.00
2019-10-27,23115.00,23145.00
2019-10-28,23115.00,23145.00
2019-10-29,23115.00,23145.00
2019-10-30,23115.00,23145.00
2019-10-31,23120.00,23150.00
2019-11-01,23115.00,23145.00
2019-11-02,23115.00,23145.00
2019-11-03,23115.00,23145.00
2019-11-04,23115.00,23145.00
2019-11-05,23110.00,23140.00
2019-11-06,23110.00,23140.00
2019-11-07,23110.00,23140.00
2019-11-08,23110.00,23140.00
2019-11-09,23110.00,23140.00
2019-11-10,23110.00,23140.00
2019-11-11,23110.00,23140.00
2019-11-12,23110.00,23140.00
2019-11-13,23110.00,23140.00
2019-11-14,23110.00,23140.00
2019-11-15,23110.00,23140.00
2019-11-16,23110.00,23140.00
2019-11-17,23110.00,23140.00
2019-11-18,23115.00,23145.00
2019-11-19,23115.00,23145.00
2019-11-20,23110.00,23140.00
2019-11-21,23110.00,23140.00
2019-11-22,23110.00,23140.00
2019-11-23,23110.00,23140.00
2019-11-24,23110.00,23140.00
2019-11-25,23110.00,23140.00
2019-11-26,23110.00,23140.00
2019-11-27,23110.00,23140.00
2019-11-28,23110.00,23140.00
2019-11-29,23095.00,23125.00
2019-11-30,23095.00,23125.00
2019-12-01,23095.00,23125.00
2019-12-02,23090.00,23120.00
2019-12-03,23090.00,23120.00
2019-12-04,23090.00,23120.00
2019-12-05,23090.00,23120.00
2019-12-06,23090.00,23120.00
2019-12-07,23090.00,23120.00
2019-12-08,23090.00,23120.00
2019-12-09,23090.00,23120.00
2019-12-10,23090.00,23120.00
2019-12-11,23090.00,23120.00
2019-12-12,23080.00,23110.00
2019-12-13,23080.00,23110.00
2019-12-14,23080.00,23110.00
2019-12-15,23080.00,23110.00
2019-12-16,23085.00,23115.00
2019-12-17,23080.00,23110.00
2019-12-18,23080.00,23110.00
2019-12-19,23080.00,23110.00
2019-12-20,23080.00,23110.00
2019-12-21,23080.00,23110.00
2019-12-22,23080.00,23110.00
2019-12-23,23080.00,23110.00
2019-12-24,23080.00,23110.00
2019-12-25,23080.00,23110.00
2019-12-26,23080.00,23110.00
2019-12-27,23080.00,23110.00
2019-12-28,23080.00,23110.00
2019-12-29,23080.00,23110.00
2019-12-30,23080.00,23110.00
2019-12-31,23080.00,23110.00
2020-01-01,23080.00,23110.00
2020-01-02,23080.00,23110.00
2020-01-03,23080.00,23110.00
2020-01-04,23080.00,23110.00
2020-01-05,23080.00,23110.00
2020-01-06,23080.00,23110.00
2020-01-07,23085.00,23115.00
2020-01-08,23085.00,23115.00
2020-01-09,23080.00,23110.00
2020-01-10,23080.00,23110.00
2020-01-11,23080.00,23110.00
2020-01-12,23080.00,23110.00
2020-01-13,23080.00,23110.00
2020-01-14,23085.00,23115.00
2020-01-15,23095.00,23125.00
2020-01-16,23080.00,23110.00
2020-01-17,23075.00,23105.00
2020-01-18,23075.00,23105.00
2020-01-19,23075.00,23105.00
2020-01-20,23075.00,23105.00
2020-01-21,23070.00,23100.00
2020-01-22,23075.00,23105.00
2020-01-23,23075.00,23105.00
2020-01-24,23075.00,23105.00
2020-01-25,23075.00,23105.00
2020-01-26,23075.00,23105.00
2020-01-27,23055.00,23105.00
2020-01-28,23075.00,23105.00
2020-01-29,23075.00,23105.00
2020-01-30,23075.00,23105.00
2020-01-31,23135.00,23165.00
2020-02-01,23135.00,23165.00
2020-02-02,23135.00,23165.00
2020-02-03,23170.00,23200.00
2020-02-04,23140.00,23170.00
2020-02-05,23130.00,23160.00
2020-02-06,23130.00,23160.00
2020-02-07,23140.00,23170.00
2020-02-08,23140.00,23170.00
2020-02-09,23140.00,23170.00
2020-02-10,23165.00,23195.00
2020-02-11,23150.00,23180.00
2020-02-12,23140.00,23170.00
2020-02-13,23135.00,23165.00
2020-02-14,23145.00,23175.00
2020-02-15,23145.00,23175.00
2020-02-16,23145.00,23175.00
2020-02-17,23135.00,23165.00
2020-02-18,23135.00,23165.00
2020-02-19,23140.00,23170.00
2020-02-20,23140.00,23170.00
2020-02-21,23145.00,23175.00
2020-02-22,23145.00,23175.00
2020-02-23,23145.00,23175.00
2020-02-24,23180.00,23210.00
2020-02-25,23155.00,23185.00
2020-02-26,23145.00,23175.00
2020-02-27,23140.00,23170.00
2020-02-28,23140.00,23170.00
2020-02-29,23140.00,23170.00
2020-03-01,23140.00,23170.00
2020-03-02,23140.00,23170.00
2020-03-03,23120.00,23150.00
2020-03-04,23115.00,23145.00
2020-03-05,23115.00,23145.00
2020-03-06,23100.00,23130.00
2020-03-07,23100.00,23130.00
2020-03-08,23100.00,23130.00
2020-03-09,23080.00,23110.00
2020-03-10,23080.00,23110.00
2020-03-11,23080.00,23110.00
2020-03-12,23095.00,23125.00
2020-03-13,23120.00,23150.00
2020-03-14,23120.00,23150.00
2020-03-15,23120.00,23150.00
2020-03-16,23140.00,23170.00
2020-03-17,23140.00,23170.00
2020-03-18,23200.00,23230.00
2020-03-19,23305.00,23335.00
2020-03-20,23340.00,23370.00
2020-03-21,23340.00,23370.00
2020-03-22,23340.00,23370.00
2020-03-23,23570.00,23600.00
2020-03-24,23460.00,23490.00
2020-03-25,23485.00,23515.00
2020-03-26,23530.00,23560.00
2020-03-27,23510.00,23540.00
2020-03-28,23510.00,23540.00
2020-03-29,23510.00,23540.00
2020-03-30,23530.00,23560.00
2020-03-31,23470.00,23500.00
2020-04-01,23470.00,23500.00
2020-04-02,23440.00,23470.00
2020-04-03,23320.00,23350.00
2020-04-04,23320.00,23350.00
2020-04-05,23320.00,23350.00
2020-04-06,23360.00,23390.00
2020-04-07,23340.00,23370.00
2020-04-08,23400.00,23430.00
2020-04-09,23370.00,23400.00
2020-04-10,23310.00,23340.00
2020-04-11,23310.00,23340.00
2020-04-12,23310.00,23340.00
2020-04-13,23320.00,23350.00
2020-04-14,23335.00,23365.00
2020-04-15,23320.00,23350.00
2020-04-16,23340.00,23370.00
2020-04-17,23300.00,23330.00
2020-04-18,23300.00,23330.00
2020-04-19,23300.00,23330.00
2020-04-20,23330.00,23360.00
2020-04-21,23330.00,23360.00
2020-04-22,23350.00,23380.00
2020-04-23,23360.00,23390.00
2020-04-24,23370.00,23400.00
2020-04-25,23370.00,23400.00
2020-04-26,23370.00,23400.00
2020-04-27,23340.00,23370.00
2020-04-28,23325.00,23355.00
2020-04-29,23300.00,23330.00
2020-04-30,23300.00,23330.00
2020-05-01,23300.00,23330.00
2020-05-02,23300.00,23330.00
2020-05-03,23300.00,23330.00
2020-05-04,23310.00,23340.00
2020-05-05,23300.00,23330.00
2020-05-06,23300.00,23330.00
2020-05-07,23280.00,23310.00
2020-05-08,23240.00,23270.00
2020-05-09,23240.00,23270.00
2020-05-10,23240.00,23270.00
2020-05-11,23210.00,23240.00
2020-05-12,23220.00,23250.00
2020-05-13,23230.00,23260.00
2020-05-14,23250.00,23280.00
2020-05-15,23240.00,23270.00
2020-05-16,23240.00,23270.00
2020-05-17,23240.00,23270.00
2020-05-18,23220.00,23250.00
2020-05-19,23160.00,23190.00
2020-05-20,23150.00,23180.00
2020-05-21,23150.00,23180.00
2020-05-22,23160.00,23190.00
2020-05-23,23160.00,23190.00
2020-05-24,23160.00,23190.00
2020-05-25,23180.00,23210.00
2020-05-26,23200.00,23230.00
2020-05-27,23200.00,23230.00
2020-05-28,23180.00,23210.00
2020-05-29,23160.00,23190.00
2020-05-30,23160.00,23190.00
2020-05-31,23160.00,23190.00
2020-06-01,23140.00,23170.00
2020-06-02,23140.00,23170.00
2020-06-03,23140.00,23170.00
2020-06-04,23140.00,23170.00
2020-06-05,23130.00,23160.00
2020-06-06,23130.00,23160.00
2020-06-07,23130.00,23160.00
2020-06-08,23110.00,23140.00
2020-06-09,23070.00,23100.00
2020-06-10,23070.00,23100.00
2020-06-11,23110.00,23140.00
2020-06-12,23110.00,23140.00
2020-06-13,23110.00,23140.00
2020-06-14,23110.00,23140.00
2020-06-15,23100.00,23130.00
2020-06-16,23085.00,23115.00
2020-06-17,23080.00,23110.00
2020-06-18,23080.00,23110.00
2020-06-19,23100.00,23130.00
2020-06-20,23100.00,23130.00
2020-06-21,23100.00,23130.00
2020-06-22,23100.00,23130.00
2020-06-23,23090.00,23120.00
2020-06-24,23100.00,23130.00
2020-06-25,23085.00,23115.00
2020-06-26,23090.00,23120.00
2020-06-27,23090.00,23120.00
2020-06-28,23090.00,23120.00
2020-06-29,23085.00,23115.00
2020-06-30,23090.00,23120.00
2020-07-01,23080.00,23110.00
2020-07-02,23080.00,23110.00
2020-07-03,23080.00,23110.00
2020-07-04,23080.00,23110.00
2020-07-05,23080.00,23110.00
2020-07-06,23070.00,23100.00
2020-07-07,23070.00,23100.00
2020-07-08,23080.00,23110.00
2020-07-09,23070.00,23100.00
2020-07-10,23060.00,23090.00
2020-07-11,23060.00,23090.00
2020-07-12,23060.00,23090.00
2020-07-13,23060.00,23090.00
2020-07-14,23060.00,23090.00
2020-07-15,23060.00,23090.00
2020-07-16,23070.00,23100.00
2020-07-17,23070.00,23100.00
2020-07-18,23070.00,23100.00
2020-07-19,23070.00,23100.00
2020-07-20,23070.00,23100.00
2020-07-21,23070.00,23100.00
2020-07-22,23060.00,23090.00
