date,open,high,low,close,volume,unadjusted,putthrough
2018-06-04,34.13,35.00,34.13,34.13,2811840,102.40,0
2018-06-05,33.03,35.33,32.00,32.00,1357500,96.00,332000
2018-06-06,31.67,32.00,30.33,30.67,1605480,92.00,296200
2018-06-07,31.50,32.80,31.04,32.80,1376540,98.40,100000
2018-06-08,33.67,35.07,33.17,35.07,2008500,105.20,0
2018-06-11,34.94,36.34,34.40,36.33,1229830,109.00,0
2018-06-12,36.00,36.00,34.30,35.00,1139130,105.00,44500
2018-06-13,35.00,36.00,34.83,35.13,772670,105.40,115660
2018-06-14,35.50,35.50,34.50,35.00,617130,105.00,175000
2018-06-15,35.17,35.17,34.50,35.07,723460,105.20,1835473
2018-06-18,34.70,35.00,32.67,33.33,825810,100.00,1216997
2018-06-19,31.70,32.33,31.00,31.67,2092720,95.00,2109000
2018-06-20,31.67,32.17,31.04,31.73,554870,95.20,22000
2018-06-21,31.80,31.80,31.10,31.73,497790,95.20,0
2018-06-22,31.70,31.70,31.20,31.67,328710,95.00,0
2018-06-25,32.00,32.34,31.90,31.97,918340,95.90,181000
2018-06-26,31.47,31.84,31.40,31.67,493790,95.00,0
2018-06-27,31.17,31.67,31.17,31.20,394860,93.60,0
2018-06-28,31.00,31.17,29.50,30.73,1319230,92.20,89000
2018-06-29,30.33,30.66,29.00,30.57,1583700,91.70,171300
2018-07-02,30.60,30.60,29.00,29.30,669570,87.90,0
2018-07-03,29.17,29.43,27.27,27.27,2112230,81.80,964382
2018-07-04,26.84,27.00,25.37,27.00,1102650,81.00,993117
2018-07-05,28.85,28.85,27.00,28.15,1583450,28.15,0
2018-07-06,28.00,29.00,27.00,28.80,1160990,28.80,0
2018-07-09,29.00,29.20,27.85,28.50,631240,28.50,62660
2018-07-10,28.50,28.50,27.50,27.65,549100,27.65,0
2018-07-11,27.10,27.10,25.75,25.75,1134570,25.75,480000
2018-07-12,25.10,26.00,25.10,26.00,686180,26.00,167900
2018-07-13,26.40,26.50,26.00,26.20,406500,26.20,22400
2018-07-16,26.00,26.20,25.75,26.20,430160,26.20,0
2018-07-17,26.20,27.50,25.70,27.10,1174520,27.10,0
2018-07-18,27.50,28.50,27.30,27.95,1139340,27.95,0
2018-07-19,28.00,28.00,27.50,27.90,680430,27.90,28000
2018-07-20,27.50,27.90,27.20,27.90,1473990,27.90,44200
2018-07-23,27.30,27.85,26.60,26.60,878370,26.60,42320
2018-07-24,27.00,27.50,26.30,26.40,1019120,26.40,0
2018-07-25,26.80,26.85,24.90,26.75,3348190,26.75,889820
2018-07-26,26.00,26.25,25.50,25.80,645430,25.80,132000
2018-07-27,25.80,26.20,25.60,25.95,1427670,25.95,1779990
2018-07-30,25.95,26.20,25.90,26.10,1438740,26.10,110498
2018-07-31,26.15,27.90,26.00,27.80,4690660,27.80,0
2018-08-01,27.90,28.65,27.15,27.55,2060620,27.55,0
2018-08-02,27.30,28.50,27.00,28.50,3507500,28.50,3174990
2018-08-03,28.60,28.90,28.00,28.35,2418140,28.35,9640000
2018-08-06,28.00,28.30,27.80,28.00,1478320,28.00,21000
2018-08-07,27.75,28.20,27.40,27.95,1670400,27.95,50000
2018-08-08,28.15,28.15,27.40,27.75,1406450,27.75,0
2018-08-09,27.90,28.30,27.40,27.40,2342630,27.40,0
2018-08-10,27.40,27.70,26.40,27.20,2362660,27.20,430921
2018-08-13,27.00,27.65,26.80,27.45,1369550,27.45,122750
2018-08-14,27.50,27.50,27.00,27.20,850440,27.20,560150
2018-08-15,27.00,27.20,26.50,26.50,1030610,26.50,103900
2018-08-16,26.50,26.90,25.95,26.50,1576340,26.50,600000
2018-08-17,26.50,26.90,26.50,26.50,691890,26.50,1990000
2018-08-20,26.70,26.70,25.90,26.50,847610,26.50,77697
2018-08-21,26.50,26.65,26.25,26.50,904270,26.50,0
2018-08-22,26.70,27.40,26.55,26.65,1386850,26.65,0
2018-08-23,27.00,27.15,26.65,26.75,1031560,26.75,133500
2018-08-24,26.75,26.95,26.50,26.60,817010,26.60,30000
2018-08-27,26.60,26.85,26.50,26.50,1480540,26.50,37850
2018-08-28,26.60,26.80,26.20,26.25,1630740,26.25,70000
2018-08-29,26.25,26.35,26.10,26.15,778240,26.15,0
2018-08-30,26.15,26.30,26.05,26.30,887840,26.30,165000
2018-08-31,26.30,26.85,26.30,26.30,1723040,26.30,57490
2018-09-04,26.30,26.60,26.05,26.10,991610,26.10,1335000
2018-09-05,26.10,26.25,25.75,25.80,1052150,25.80,8447312
2018-09-06,25.80,25.90,24.80,24.80,2694080,24.80,239100
2018-09-07,25.00,25.30,24.90,25.25,2154200,25.25,1003100
2018-09-10,25.40,25.50,25.00,25.50,1297720,25.50,500000
2018-09-11,25.45,25.50,25.30,25.40,780150,25.40,900000
2018-09-12,25.50,25.55,25.00,25.00,1460210,25.00,35780
2018-09-13,25.00,25.40,25.00,25.20,1105010,25.20,1440210
2018-09-14,25.20,25.40,25.15,25.25,1343360,25.25,100000
2018-09-17,25.25,27.00,25.15,26.05,2714630,26.05,0
2018-09-18,26.05,26.15,25.55,26.15,1059520,26.15,0
2018-09-19,26.20,27.05,26.20,26.60,2934180,26.60,33560
2018-09-20,26.60,28.00,26.60,28.00,5779740,28.00,26640
2018-09-21,28.00,28.45,27.80,28.30,4008110,28.30,31050
2018-09-24,28.30,28.45,27.95,28.10,2213810,28.10,0
2018-09-25,28.00,28.20,27.80,28.00,2261840,28.00,0
2018-09-26,28.00,29.35,27.80,28.90,4516320,28.90,0
2018-09-27,29.20,29.65,29.15,29.40,3663710,29.40,529590
2018-09-28,29.50,29.65,29.00,29.15,3943650,29.15,500000
2018-10-01,29.15,29.25,28.60,28.65,2816100,28.65,500000
2018-10-02,28.60,29.40,28.60,29.10,3139750,29.10,500000
2018-10-03,29.40,29.50,29.15,29.35,1405830,29.35,0
2018-10-04,29.50,30.20,29.35,30.20,3273230,30.20,950650
2018-10-05,30.10,30.25,29.75,29.80,3156560,29.80,0
2018-10-08,29.10,29.75,29.10,29.35,2101380,29.35,0
2018-10-09,29.40,29.75,29.15,29.75,2656380,29.75,0
2018-10-10,29.80,30.10,29.65,29.70,1689250,29.70,0
2018-10-11,28.20,29.10,27.70,27.85,4366960,27.85,994310
2018-10-12,27.85,28.80,27.30,28.70,2298230,28.70,256060
2018-10-15,28.70,28.75,28.00,28.20,2085500,28.20,0
2018-10-16,28.15,28.90,28.15,28.70,1363410,28.70,56640
2018-10-17,29.30,29.30,28.95,29.10,1972280,29.10,413400
2018-10-18,28.80,29.10,28.70,28.90,1487880,28.90,0
2018-10-19,28.40,29.00,28.10,29.00,1454000,29.00,0
2018-10-22,29.00,29.20,28.80,28.80,2026290,28.80,0
2018-10-23,28.80,28.80,26.80,27.80,2307530,27.80,0
2018-10-24,27.90,28.00,26.50,26.50,1535430,26.50,270000
2018-10-25,25.20,26.30,25.10,26.10,2454470,26.10,26610
2018-10-26,26.90,26.90,25.50,25.85,1747390,25.85,0
2018-10-29,25.80,26.00,25.50,25.70,1473740,25.70,6666666
2018-10-30,25.70,26.10,25.60,25.80,1327540,25.80,0
2018-10-31,26.10,26.90,26.10,26.90,1230140,26.90,133830
2018-11-01,26.95,26.95,26.10,26.10,802870,26.10,0
2018-11-02,26.60,26.95,26.20,26.60,1048790,26.60,4890000
2018-11-05,26.70,26.95,26.50,26.85,920120,26.85,0
2018-11-06,27.40,27.40,26.75,26.95,1174180,26.95,0
2018-11-07,26.70,27.20,26.70,27.00,1180500,27.00,0
2018-11-08,27.50,27.50,26.95,27.00,710570,27.00,0
2018-11-09,26.85,26.95,26.35,26.35,1090990,26.35,0
2018-11-12,26.30,26.50,25.85,26.30,784460,26.30,0
2018-11-13,25.70,26.00,25.70,25.75,947810,25.75,25846990
2018-11-14,25.60,26.00,25.15,25.25,1692450,25.25,25540
2018-11-15,25.25,25.55,25.05,25.25,971850,25.25,0
2018-11-16,25.50,26.40,25.45,25.70,645780,25.70,172000
2018-11-19,25.70,26.70,25.70,26.50,1754860,26.50,0
2018-11-20,26.30,26.55,26.10,26.40,1534530,26.40,40000
2018-11-21,26.00,26.80,25.90,26.50,1028070,26.50,3290450
2018-11-22,26.90,26.90,24.65,26.50,901490,26.50,23860
2018-11-23,26.50,26.60,26.10,26.10,643390,26.10,0
2018-11-26,26.00,26.45,25.95,25.95,1195560,25.95,0
2018-11-27,26.30,26.50,25.95,26.00,1040020,26.00,337350
2018-11-28,26.00,26.15,25.90,26.15,668970,26.15,0
2018-11-29,26.45,26.60,26.05,26.05,1304530,26.05,320470
2018-11-30,26.25,26.30,26.00,26.05,635260,26.05,0
2018-12-03,26.50,27.20,26.30,27.20,3059840,27.20,24000000
2018-12-04,27.20,27.95,27.20,27.80,2885160,27.80,20545000
2018-12-05,27.50,28.30,27.30,28.00,3540000,28.00,22330000
2018-12-06,28.00,28.45,27.90,28.15,2977170,28.15,1700000
2018-12-07,28.20,28.50,27.80,28.00,2249340,28.00,23589030
2018-12-10,27.90,28.35,27.70,28.25,3389080,28.25,54545648
2018-12-11,28.35,28.50,28.10,28.30,2451470,28.30,24490000
2018-12-12,28.50,28.90,28.30,28.90,3106230,28.90,24492200
2018-12-13,29.00,29.15,28.70,28.70,2502500,28.70,2941000
2018-12-14,28.50,28.80,28.50,28.65,2395670,28.65,50268030
2018-12-17,28.30,28.50,27.40,27.40,3335920,27.40,19690000
2018-12-18,27.00,27.50,26.70,27.50,3565390,27.50,0
2018-12-19,27.40,27.50,26.95,27.50,1152330,27.50,22054280
2018-12-20,27.20,27.70,27.10,27.25,1096130,27.25,0
2018-12-21,27.00,27.30,26.70,27.30,1436860,27.30,25687000
2018-12-24,27.30,27.40,26.90,26.90,1250440,26.90,271330
2018-12-25,26.20,26.55,25.80,26.40,2408040,26.40,1536500
2018-12-26,26.30,26.60,25.95,26.00,1965260,26.00,3279020
2018-12-27,26.50,26.65,26.05,26.05,2093990,26.05,1892560
2018-12-28,26.30,26.30,25.85,25.85,1849440,25.85,1741840
2019-01-02,26.00,26.05,25.60,25.60,1329030,25.60,100000
2019-01-03,25.70,25.75,25.00,25.00,1811430,25.00,56150
2019-01-04,25.00,25.00,23.25,24.95,2970830,24.95,77000
2019-01-07,25.15,25.50,25.10,25.10,1436930,25.10,166500
2019-01-08,25.15,25.20,25.05,25.10,843170,25.10,0
2019-01-09,25.20,26.00,25.10,25.80,3192180,25.80,307350
2019-01-10,25.80,25.95,25.75,25.80,1644380,25.80,20000
2019-01-11,25.85,26.30,25.85,26.00,1623150,26.00,755311
2019-01-14,25.90,26.05,25.75,25.85,2002420,25.85,1600000
2019-01-15,25.85,26.50,25.85,26.50,1853220,26.50,1941330
2019-01-16,26.60,26.75,26.45,26.50,1782580,26.50,1265000
2019-01-17,26.50,26.85,26.40,26.65,1858980,26.65,1261000
2019-01-18,26.80,26.95,26.50,26.75,1598890,26.75,40000
2019-01-21,26.90,27.50,26.90,27.40,1951730,27.40,145000
2019-01-22,27.60,27.60,26.80,26.80,2368670,26.80,0
2019-01-23,26.90,26.90,26.55,26.55,2092730,26.55,0
2019-01-24,26.70,26.85,26.45,26.65,1537670,26.65,1504000
2019-01-25,26.95,27.25,26.65,26.65,1710030,26.65,1075000
2019-01-28,26.75,26.80,26.05,26.20,1864000,26.20,0
2019-01-29,26.20,26.50,25.90,26.50,2058540,26.50,1430479
2019-01-30,26.50,26.70,26.30,26.60,1017170,26.60,1100000
2019-01-31,26.60,26.60,26.30,26.50,2606420,26.50,0
2019-02-01,26.50,27.20,26.30,27.20,7859690,27.20,0
2019-02-11,27.00,27.30,26.80,27.05,2504660,27.05,0
2019-02-12,27.15,27.65,26.95,27.45,4957590,27.45,0
2019-02-13,27.45,27.75,27.40,27.55,2519920,27.55,5500000
2019-02-14,27.50,27.60,27.25,27.30,2290940,27.30,0
2019-02-15,27.20,27.65,27.10,27.25,3355310,27.25,0
2019-02-18,27.30,27.55,27.25,27.35,2160450,27.35,0
2019-02-19,27.40,28.20,27.40,27.55,7850600,27.55,0
2019-02-20,27.65,27.80,27.45,27.55,2760520,27.55,0
2019-02-21,27.60,27.70,27.30,27.50,2102120,27.50,0
2019-02-22,27.50,28.00,27.40,27.70,6443060,27.70,0
2019-02-25,27.90,28.00,27.70,27.75,3849680,27.75,0
2019-02-26,27.70,27.85,27.25,27.45,3078620,27.45,0
2019-02-27,27.45,27.50,27.05,27.20,4709200,27.20,247800
2019-02-28,27.10,27.20,26.40,26.50,4845650,26.50,0
2019-03-01,26.60,26.85,26.40,26.60,2342280,26.60,0
2019-03-04,26.70,27.10,26.70,27.00,2834780,27.00,0
2019-03-05,26.85,27.20,26.70,26.80,3227790,26.80,0
2019-03-06,26.80,26.90,26.65,26.80,1004950,26.80,0
2019-03-07,26.90,27.05,26.75,26.75,1428410,26.75,0
2019-03-08,26.55,26.65,26.25,26.25,2892590,26.25,0
2019-03-11,26.50,26.50,26.25,26.30,894870,26.30,0
2019-03-12,26.60,26.80,26.25,26.80,1884510,26.80,3900000
2019-03-13,26.90,27.55,26.90,27.15,4603520,27.15,3098080
2019-03-14,27.20,27.25,26.90,26.90,1525640,26.90,4405400
2019-03-15,26.90,27.20,26.75,26.85,1750100,26.85,0
2019-03-18,26.95,27.25,26.80,27.05,3348820,27.05,7731950
2019-03-19,27.05,27.20,26.70,26.75,2078600,26.75,500000
2019-03-20,26.75,26.75,26.40,26.60,1701020,26.60,19248800
2019-03-21,26.75,26.75,26.10,26.10,2858380,26.10,0
2019-03-22,26.15,26.30,25.95,26.10,2631920,26.10,583000
2019-03-25,25.50,25.90,25.45,25.60,2295560,25.60,3972091
2019-03-26,25.60,25.90,25.40,25.50,2041810,25.50,0
2019-03-27,25.70,25.80,25.45,25.75,1426910,25.75,2000000
2019-03-28,25.65,25.80,25.55,25.55,798820,25.55,50000
2019-03-29,25.55,25.80,25.55,25.60,1656270,25.60,4086090
2019-04-01,25.70,25.70,25.50,25.55,1213000,25.55,0
2019-04-02,25.70,25.85,25.45,25.50,1197560,25.50,0
2019-04-03,25.50,25.60,25.40,25.45,883080,25.45,0
2019-04-04,25.50,25.55,25.30,25.45,1084530,25.45,0
2019-04-05,25.50,25.50,25.40,25.40,790380,25.40,0
2019-04-08,25.40,25.40,25.10,25.25,1689220,25.25,0
2019-04-09,25.40,25.65,25.25,25.35,1526530,25.35,0
2019-04-10,25.30,25.50,25.00,25.10,1488230,25.10,2853760
2019-04-11,25.05,25.20,25.00,25.10,837020,25.10,0
2019-04-12,25.00,25.10,24.85,24.90,1318580,24.90,0
2019-04-16,24.65,24.75,24.40,24.55,2097030,24.55,563550
2019-04-17,24.75,25.05,24.65,24.75,1022100,24.75,0
2019-04-18,24.75,24.80,24.25,24.25,1478350,24.25,0
2019-04-19,24.50,24.50,24.20,24.20,1116030,24.20,0
2019-04-22,24.20,24.30,23.65,23.75,1544290,23.75,0
2019-04-23,23.60,23.85,23.55,23.60,1850200,23.60,169935
2019-04-24,23.70,24.35,23.70,24.35,1995110,24.35,22620
2019-04-25,24.40,24.40,24.15,24.15,681910,24.15,0
2019-04-26,24.05,24.20,24.00,24.15,898530,24.15,0
2019-05-02,24.10,24.20,23.80,23.85,891770,23.85,4455942
2019-05-03,23.85,24.00,23.65,24.00,1727710,24.00,33000
2019-05-06,23.65,23.90,23.10,23.30,1903780,23.30,3580000
2019-05-07,23.70,23.70,23.10,23.20,1294740,23.20,0
2019-05-08,23.00,23.00,22.65,22.95,1748140,22.95,0
2019-05-09,22.90,23.20,22.80,22.80,1330990,22.80,0
2019-05-10,23.00,23.15,22.80,23.15,1679270,23.15,0
2019-05-13,23.25,23.30,23.10,23.20,1130890,23.20,0
2019-05-14,23.00,23.20,22.85,23.00,1432870,23.00,0
2019-05-15,23.10,24.05,23.00,23.95,3260220,23.95,50000
2019-05-16,24.10,24.10,23.65,23.75,2139740,23.75,0
2019-05-17,23.70,23.80,23.55,23.60,1740280,23.60,209000
2019-05-20,23.55,23.90,23.40,23.85,2117630,23.85,75860
2019-05-21,23.85,24.30,23.85,24.05,3217110,24.05,164984
2019-05-22,24.10,24.20,23.70,23.70,1706530,23.70,4620000
2019-05-23,23.65,23.85,23.55,23.65,1377230,23.65,110000
2019-05-24,23.55,23.70,23.20,23.20,2380690,23.20,3666700
2019-05-27,23.20,23.35,23.10,23.15,888140,23.15,0
2019-05-28,23.10,23.40,22.90,23.10,1428370,23.10,0
2019-05-29,23.05,23.10,22.75,22.75,2073420,22.75,0
2019-05-30,22.75,23.05,22.50,22.95,1454130,22.95,0
2019-05-31,22.95,23.00,22.60,22.60,1452700,22.60,0
2019-06-03,22.40,22.50,21.50,21.50,2710010,21.50,0
2019-06-04,21.75,21.80,21.10,21.20,2334950,21.20,0
2019-06-05,21.60,21.80,21.30,21.30,1078360,21.30,0
2019-06-06,21.30,21.50,20.90,21.35,1377350,21.35,0
2019-06-07,21.35,21.60,21.35,21.60,1426730,21.60,45000
2019-06-10,21.80,21.90,21.30,21.50,1692190,21.50,0
2019-06-11,21.50,21.70,21.45,21.50,907130,21.50,0
2019-06-12,21.50,21.60,21.30,21.30,672440,21.30,0
2019-06-13,21.30,21.30,21.10,21.15,845890,21.15,4425000
2019-06-14,21.20,21.45,21.20,21.20,1082100,21.20,3662000
2019-06-17,21.30,21.35,20.80,20.80,2217430,20.80,0
2019-06-18,20.90,20.95,20.10,20.30,3167100,20.30,15094000
2019-06-19,20.60,20.65,20.00,20.10,2057320,20.10,0
2019-06-20,20.20,20.80,20.15,20.60,3519910,20.60,4975140
2019-06-21,20.80,21.10,20.70,20.80,1724400,20.80,20000
2019-06-24,20.70,21.05,20.65,20.90,1664740,20.90,249690
2019-06-25,20.65,20.90,20.65,20.75,1564890,20.75,7551510
2019-06-26,20.55,20.70,20.30,20.40,1838710,20.40,7414350
2019-06-27,20.40,20.50,20.20,20.20,1584550,20.20,0
2019-06-28,20.35,20.40,19.95,20.35,2795060,20.35,12202710
2019-07-01,20.55,21.10,20.55,21.00,4072480,21.00,6000000
2019-07-02,21.10,21.25,20.75,20.90,2795670,20.90,232400
2019-07-03,20.75,21.00,20.65,20.80,1983500,20.80,0
2019-07-04,20.85,21.50,20.80,21.40,3900680,21.40,495920
2019-07-05,21.45,21.60,21.20,21.35,1549360,21.35,0
2019-07-08,21.30,21.35,20.55,20.90,3362170,20.90,0
2019-07-09,20.70,20.90,20.60,20.70,1946360,20.70,0
2019-07-10,20.85,21.00,20.70,20.70,906800,20.70,0
2019-07-11,20.90,21.10,20.80,21.00,1912930,21.00,0
2019-07-12,21.10,21.20,20.70,20.70,2769760,20.70,0
2019-07-15,20.85,21.25,20.75,21.15,2857380,21.15,1195000
2019-07-16,21.15,21.40,21.10,21.20,2278750,21.20,0
2019-07-17,21.30,21.30,21.00,21.10,2701360,21.10,2315000
2019-07-18,20.95,21.10,20.80,20.90,2824630,20.90,58000
2019-07-19,21.00,21.30,21.00,21.20,3346840,21.20,20000
2019-07-22,21.15,21.30,20.95,21.05,2774500,21.05,0
2019-07-23,21.05,21.15,21.00,21.05,1565740,21.05,0
2019-07-24,21.10,21.20,20.90,20.95,2120730,20.95,0
2019-07-25,20.95,21.00,20.90,20.90,1729230,20.90,0
2019-07-26,20.85,20.95,20.75,20.80,1245510,20.80,0
2019-07-29,21.00,21.05,20.75,20.80,2419230,20.80,2020000
2019-07-30,20.90,20.90,20.65,20.70,1551320,20.70,0
2019-07-31,20.70,20.70,20.55,20.55,1219550,20.55,0
2019-08-01,20.60,20.70,20.50,20.70,1192180,20.70,0
2019-08-02,20.40,20.70,20.35,20.55,3516660,20.55,0
2019-08-05,20.40,20.55,20.30,20.40,2653940,20.40,0
2019-08-06,20.20,20.30,19.90,20.25,1970250,20.25,0
2019-08-07,20.30,20.40,20.05,20.10,1212000,20.10,1684962
2019-08-08,20.10,20.25,20.00,20.20,1798980,20.20,0
2019-08-09,20.20,20.30,20.10,20.20,875180,20.20,53400
2019-08-12,20.20,20.35,20.20,20.25,840220,20.25,0
2019-08-13,20.20,20.70,20.15,20.65,2100020,20.65,262500
2019-08-14,20.85,20.95,20.70,20.85,1250150,20.85,0
2019-08-15,20.40,21.00,20.40,21.00,2105150,21.00,0
2019-08-16,21.00,22.00,20.90,21.90,6269250,21.90,0
2019-08-19,21.90,21.90,21.50,21.55,1938330,21.55,37130
2019-08-20,21.60,21.70,21.35,21.55,1342680,21.55,4620000
2019-08-21,21.65,21.80,21.40,21.65,2062850,21.65,0
2019-08-22,21.65,21.85,21.60,21.65,1593030,21.65,0
2019-08-23,21.60,21.65,21.45,21.65,1304670,21.65,0
2019-08-26,21.20,21.35,20.95,21.25,3277300,21.25,0
2019-08-27,21.35,21.55,21.30,21.45,1805340,21.45,0
2019-08-28,21.40,21.50,21.35,21.40,736990,21.40,0
2019-08-29,21.40,21.40,21.10,21.35,948710,21.35,0
2019-08-30,21.40,21.50,21.25,21.50,1236390,21.50,20000
2019-09-03,21.60,21.65,21.40,21.40,1136630,21.40,0
2019-09-04,21.25,21.80,21.25,21.70,1989740,21.70,239100
2019-09-05,21.70,22.45,21.70,22.20,4417320,22.20,0
2019-09-06,22.35,22.45,22.10,22.20,1189570,22.20,0
2019-09-09,22.20,22.20,21.65,21.70,2274060,21.70,14808000
2019-09-10,21.60,21.90,21.45,21.45,2538930,21.45,0
2019-09-11,21.50,21.75,21.40,21.75,1009440,21.75,10619000
2019-09-12,21.75,22.00,21.70,21.95,1835330,21.95,0
2019-09-13,21.90,22.65,21.90,22.65,5546230,22.65,0
2019-09-16,22.65,22.75,22.45,22.60,1846340,22.60,10323910
2019-09-17,22.50,22.70,22.45,22.60,1689630,22.60,7033203
2019-09-18,22.50,22.75,22.40,22.60,2613940,22.60,14155170
2019-09-19,22.60,22.95,22.50,22.95,3116360,22.95,170000
2019-09-20,23.00,23.20,22.95,23.15,2046450,23.15,0
2019-09-23,23.20,23.25,22.65,22.65,2643620,22.65,3227500
2019-09-24,22.65,22.80,22.55,22.60,2698720,22.60,9570000
2019-09-25,22.60,22.75,22.40,22.65,1603250,22.65,6000000
2019-09-26,22.65,23.15,22.65,23.10,2315980,23.10,20000
2019-09-27,23.10,23.35,23.00,23.20,2199880,23.20,0
2019-09-30,23.30,23.50,23.15,23.35,2640100,23.35,0
2019-10-01,23.35,23.75,23.15,23.75,2328320,23.75,44000
2019-10-02,23.70,23.95,23.60,23.75,2720060,23.75,0
2019-10-03,23.50,23.80,23.35,23.80,2152040,23.80,0
2019-10-04,23.85,23.95,23.50,23.60,2380040,23.60,20000
2019-10-07,23.65,23.65,23.15,23.15,2959530,23.15,2883600
2019-10-08,23.15,23.55,23.15,23.55,1939340,23.55,100000
2019-10-09,23.60,23.65,23.45,23.65,1287970,23.65,0
2019-10-10,23.55,23.75,23.55,23.65,721560,23.65,259068
2019-10-11,23.60,23.70,23.55,23.60,859400,23.60,0
2019-10-14,23.70,24.20,23.60,23.90,5147390,23.90,0
2019-10-15,23.85,24.25,23.60,24.25,2505730,24.25,2315000
2019-10-16,24.30,24.55,24.30,24.45,2027890,24.45,0
2019-10-17,24.40,24.40,24.15,24.40,2372790,24.40,139000
2019-10-18,24.40,24.60,24.30,24.40,1217000,24.40,448000
2019-10-21,24.40,24.40,23.60,23.90,1602090,23.90,1654000
2019-10-22,23.90,24.00,23.75,24.00,1259780,24.00,100000
2019-10-23,24.00,24.00,23.80,23.95,1210010,23.95,0
2019-10-24,24.00,24.00,23.75,23.85,1437210,23.85,177200
2019-10-25,23.90,23.90,23.70,23.85,1383270,23.85,3394300
2019-10-28,23.95,24.00,23.75,23.80,1637090,23.80,5175000
2019-10-29,23.80,23.80,23.55,23.70,1432590,23.70,250000
2019-10-30,23.70,24.00,23.60,23.80,1505720,23.80,215000
2019-10-31,23.80,23.95,23.70,23.70,1249530,23.70,100000
2019-11-01,23.70,23.85,23.60,23.75,1276580,23.75,20000
2019-11-04,23.90,24.40,23.75,24.35,3950490,24.35,6059168
2019-11-05,24.50,24.90,24.40,24.75,2664570,24.75,30000
2019-11-06,24.85,24.85,24.65,24.75,1670500,24.75,1200000
2019-11-07,24.80,24.80,24.65,24.80,1200940,24.80,293500
2019-11-08,24.80,25.15,24.80,25.10,4107220,25.10,3230000
2019-11-11,25.20,25.50,25.05,25.15,3594060,25.15,0
2019-11-12,25.05,25.20,25.00,25.15,1410930,25.15,0
2019-11-13,25.30,25.30,24.75,24.75,3308350,24.75,150000
2019-11-14,24.70,24.75,24.45,24.70,1789980,24.70,100000
2019-11-15,24.70,24.95,24.40,24.90,1355990,24.90,164000
2019-11-18,24.90,24.95,24.45,24.45,1327810,24.45,20000
2019-11-19,24.45,24.80,24.45,24.75,986340,24.75,0
2019-11-20,24.80,24.90,24.30,24.40,1185900,24.40,0
2019-11-21,24.35,24.40,23.50,23.50,4049470,23.50,0
2019-11-22,24.00,24.00,22.80,23.05,2348690,23.05,0
2019-11-25,23.10,23.30,22.85,23.30,1110080,23.30,20000
2019-11-26,23.40,23.50,23.30,23.45,995420,23.45,1827670
2019-11-27,23.50,23.60,23.35,23.35,816030,23.35,3250000
2019-11-28,23.35,23.35,22.90,22.90,1133640,22.90,4454000
2019-11-29,22.90,23.10,22.75,22.90,754400,22.90,2605500
2019-12-02,22.95,23.05,22.60,22.70,1156110,22.70,1145000
2019-12-03,22.70,22.75,22.35,22.55,1530470,22.55,5578180
2019-12-04,22.55,23.45,22.55,23.45,1112220,23.45,790520
2019-12-05,23.45,23.55,23.10,23.25,588750,23.25,0
2019-12-06,23.25,23.40,23.10,23.15,509280,23.15,132340
2019-12-09,23.15,23.25,22.70,22.80,799820,22.80,125000
2019-12-10,22.75,22.80,22.30,22.40,1281250,22.40,10580000
2019-12-11,22.50,22.75,22.50,22.70,795470,22.70,10657320
2019-12-12,22.65,23.30,22.65,23.15,1024340,23.15,4439990
2019-12-13,23.20,23.25,23.00,23.15,903570,23.15,3273910
2019-12-16,23.00,23.15,22.90,23.15,837370,23.15,10634500
2019-12-17,23.10,23.15,22.75,22.75,797100,22.75,7639850
2019-12-18,22.70,22.80,22.60,22.70,681130,22.70,10290000
2019-12-19,22.70,22.75,22.30,22.35,1746590,22.35,11100000
2019-12-20,22.40,22.80,22.40,22.80,653220,22.80,8405280
2019-12-23,23.00,23.25,22.90,23.10,2394730,23.10,20000
2019-12-24,23.15,23.15,22.85,23.00,419130,23.00,8321720
2019-12-25,23.00,23.15,22.95,23.00,598950,23.00,11098360
2019-12-26,23.00,23.05,22.90,23.05,855750,23.05,4134930
2019-12-27,23.05,23.20,22.95,23.20,819850,23.20,383400
2019-12-30,23.50,23.95,23.35,23.45,2452800,23.45,834000
2019-12-31,23.45,23.75,23.45,23.55,731740,23.55,229800
2020-01-02,23.55,23.85,23.50,23.80,1387610,23.80,22430
2020-01-03,23.90,23.95,23.65,23.65,756700,23.65,0
2020-01-06,23.40,23.40,23.05,23.05,1162990,23.05,0
2020-01-07,23.05,23.20,23.00,23.20,1043300,23.20,1416800
2020-01-08,22.80,23.05,22.60,22.75,1710390,22.75,0
2020-01-09,23.00,23.10,22.85,23.05,2009840,23.05,0
2020-01-10,23.00,23.50,23.00,23.15,3679110,23.15,0
2020-01-13,23.00,23.15,22.75,22.95,892360,22.95,0
2020-01-14,22.95,23.05,22.90,22.90,1804950,22.90,0
2020-01-15,22.90,23.00,22.80,22.90,1929280,22.90,3986000
2020-01-16,22.90,23.35,22.90,23.30,4383720,23.30,0
2020-01-17,23.40,23.60,23.30,23.40,1875160,23.40,0
2020-01-20,23.30,23.45,23.20,23.35,2019730,23.35,342000
2020-01-21,23.45,24.05,23.40,24.05,7458340,24.05,133500
2020-01-22,24.25,24.25,23.95,24.20,2309150,24.20,0
2020-01-30,23.50,23.80,22.75,22.90,4013510,22.90,155000
2020-01-31,22.65,22.90,21.60,21.60,6118460,21.60,249800
2020-02-03,20.50,22.10,20.35,21.45,4258750,21.45,0
2020-02-04,21.50,21.90,21.20,21.75,2196570,21.75,0
2020-02-05,22.00,22.15,21.55,21.75,2433210,21.75,25000
2020-02-06,21.65,22.45,21.50,22.35,2677150,22.35,0
2020-02-07,22.35,22.35,21.90,22.15,1965440,22.15,20000
2020-02-10,21.90,22.00,21.65,21.85,1304360,21.85,829440
2020-02-11,21.85,22.30,21.85,22.15,1353360,22.15,0
2020-02-12,22.30,22.95,22.20,22.65,3157240,22.65,22985000
2020-02-13,22.55,22.65,22.40,22.60,1823230,22.60,82180
2020-02-14,23.10,23.40,22.90,23.30,4375740,23.30,20000
2020-02-17,23.40,23.90,23.25,23.80,6393370,23.80,0
2020-02-18,23.80,24.10,23.55,23.70,4268770,23.70,0
2020-02-19,23.60,23.70,23.45,23.65,1980690,23.65,220000
2020-02-20,23.70,23.90,23.30,23.50,2950950,23.50,0
2020-02-21,23.40,23.70,23.10,23.10,2959980,23.10,85900
2020-02-24,22.75,22.75,21.50,21.50,7508070,21.50,0
2020-02-25,21.00,22.25,20.80,22.20,3236900,22.20,0
2020-02-26,21.75,22.50,21.60,22.35,2243500,22.35,0
2020-02-27,22.35,22.75,22.20,22.75,2324050,22.75,938980
2020-02-28,22.00,22.40,21.85,22.25,2433150,22.25,0
2020-03-02,22.40,22.65,22.10,22.50,2567350,22.50,0
2020-03-03,22.85,23.00,22.50,22.50,2162150,22.50,0
2020-03-04,22.35,22.60,22.20,22.55,1936620,22.55,0
2020-03-05,22.55,22.85,22.30,22.30,2022250,22.30,0
2020-03-06,22.20,22.20,21.80,22.05,2247920,22.05,6292000
2020-03-09,20.65,21.00,20.55,20.55,4584600,20.55,4376983
2020-03-10,20.40,21.00,20.10,20.70,3161970,20.70,8995890
2020-03-11,20.80,20.95,19.30,19.30,5626550,19.30,500000
2020-03-12,18.00,18.50,17.95,17.95,4054760,17.95,1110400
2020-03-13,16.70,18.55,16.70,18.25,4332700,18.25,8804090
2020-03-16,18.25,18.25,17.20,17.45,3645430,17.45,3185520
2020-03-17,17.00,17.95,16.85,17.95,3112070,17.95,10536090
2020-03-18,18.10,18.20,17.70,17.95,1908520,17.95,16908000
2020-03-19,17.60,17.80,17.15,17.25,2214980,17.25,1221730
2020-03-20,17.45,17.50,17.15,17.35,1878140,17.35,960000
2020-03-23,16.20,17.00,16.15,16.15,3265510,16.15,2487180
2020-03-24,16.50,16.50,16.00,16.10,3209920,16.10,147080
2020-03-25,16.50,16.70,16.30,16.60,2952270,16.60,2148000
2020-03-26,16.60,16.60,16.10,16.10,1487540,16.10,15893450
2020-03-27,16.15,16.20,15.60,16.00,2746330,16.00,5681000
2020-03-30,15.10,15.50,14.90,14.90,3360230,14.90,133500
2020-03-31,15.00,15.50,14.00,15.00,1578850,15.00,1170000
2020-04-01,15.00,15.60,14.35,15.50,1316380,15.50,27940100
2020-04-03,15.50,15.95,15.50,15.85,1433510,15.85,700000
2020-04-06,16.20,16.95,16.10,16.95,2966040,16.95,2514830
2020-04-07,17.00,17.20,16.80,16.95,2424610,16.95,2115380
2020-04-08,16.80,16.80,16.30,16.70,1408000,16.70,68800
2020-04-09,17.10,17.15,16.85,16.90,2199830,16.90,70000
2020-04-10,16.70,16.95,16.65,16.75,1495400,16.75,53500
2020-04-13,16.75,17.60,16.75,17.20,2564400,17.20,0
2020-04-14,17.35,17.35,16.90,17.15,1446850,17.15,28000
2020-04-15,17.30,17.55,17.20,17.55,2536130,17.55,3088950
2020-04-16,17.55,17.55,17.20,17.55,1858330,17.55,564820
2020-04-17,17.75,17.85,17.50,17.75,2252420,17.75,2408550
2020-04-20,17.90,17.95,17.50,17.70,1847520,17.70,1722870
2020-04-21,17.30,17.40,16.70,16.85,3045020,16.85,0
2020-04-22,16.25,17.20,16.25,16.90,1742290,16.90,239660
2020-04-23,17.20,17.30,16.95,16.95,1401680,16.95,4043610
2020-04-24,17.10,17.15,16.90,17.10,851770,17.10,0
2020-04-27,17.10,17.25,17.00,17.05,962880,17.05,1514174
2020-04-28,17.15,17.15,16.85,17.10,921180,17.10,1432980
2020-04-29,17.10,17.55,17.00,17.20,2860010,17.20,1065000
2020-05-04,17.20,17.70,17.15,17.40,2018840,17.40,400000
2020-05-05,17.50,17.60,17.35,17.40,546010,17.40,519990
2020-05-06,17.55,17.55,17.25,17.55,1175100,17.55,500000
2020-05-07,17.55,17.70,17.45,17.70,2409540,17.70,430000
2020-05-08,17.70,18.90,17.70,18.90,7260470,18.90,500000
2020-05-11,20.20,20.20,19.35,20.20,4765680,20.20,2100000
2020-05-12,20.10,20.75,19.60,20.60,3555810,20.60,1360550
2020-05-13,20.30,20.70,19.80,20.60,4746350,20.60,183390
2020-05-14,20.40,20.60,20.10,20.50,3351270,20.50,1988320
2020-05-15,20.60,20.60,20.00,20.25,2995800,20.25,539280
2020-05-18,20.05,20.75,19.90,20.65,3017660,20.65,1851950
2020-05-19,21.35,21.40,20.95,21.30,4135900,21.30,65030
2020-05-20,21.00,21.20,20.95,21.05,1911850,21.05,148000
2020-05-21,21.05,22.00,20.85,22.00,3539410,22.00,0
2020-05-22,21.60,21.60,21.05,21.05,3322040,21.05,350740
2020-05-25,21.10,21.30,20.95,21.05,1962970,21.05,577960
2020-05-26,21.10,21.30,21.00,21.15,2220450,21.15,610000
2020-05-27,21.20,21.40,20.90,20.90,2673490,20.90,0
2020-05-28,20.90,21.20,20.80,20.90,1584390,20.90,256330
2020-05-29,20.85,20.95,20.70,20.70,1101170,20.70,546790
2020-06-01,20.80,21.30,20.80,21.30,2341100,21.30,0
2020-06-02,21.50,21.50,21.10,21.15,2469400,21.15,3328350
2020-06-03,21.15,21.45,21.15,21.35,2064360,21.35,73990
2020-06-04,21.40,21.45,21.20,21.20,2216760,21.20,0
2020-06-05,21.25,21.45,21.10,21.45,2251740,21.45,2528041
2020-06-08,21.70,21.90,21.55,21.70,3484860,21.70,9373000
2020-06-09,21.70,21.80,21.50,21.55,1702620,21.55,8000000
2020-06-10,21.35,21.95,21.25,21.85,2295880,21.85,315820
2020-06-11,21.90,21.90,20.90,20.90,3478310,20.90,6612500
2020-06-12,20.60,21.25,20.50,21.15,3715000,21.15,236790
2020-06-15,21.10,21.10,20.05,20.10,2302220,20.10,65000
2020-06-16,20.50,20.60,20.30,20.60,1487150,20.60,17663410
2020-06-17,20.60,20.60,20.25,20.30,1416900,20.30,257000
2020-06-18,20.30,20.45,20.20,20.20,625890,20.20,11650080
2020-06-19,20.20,20.50,20.20,20.50,632650,20.50,11543230
2020-06-22,20.95,20.95,20.50,20.75,1166650,20.75,55090
2020-06-23,20.75,20.80,20.60,20.65,1173850,20.65,2017280
2020-06-24,20.70,20.75,20.40,20.50,860730,20.50,693670
2020-06-25,20.20,20.40,20.10,20.20,1162400,20.20,1298000
2020-06-26,20.50,20.50,20.15,20.35,668030,20.35,0
2020-06-29,20.00,20.10,19.60,19.65,1752070,19.65,1651430
2020-06-30,19.75,19.90,19.10,19.55,1290510,19.55,5000000
2020-07-01,19.50,19.90,19.45,19.80,751460,19.80,0
2020-07-02,19.95,19.95,19.50,19.75,820250,19.75,5769760
2020-07-03,19.75,19.80,19.55,19.80,593390,19.80,300000
2020-07-06,19.80,20.25,19.80,20.25,1220550,20.25,657200
2020-07-07,20.30,20.40,20.20,20.25,895150,20.25,2379760
2020-07-08,20.20,20.25,20.10,20.10,676840,20.10,0
